timestamp_utc,temperature_c,humidity_pct,pressure_hpa,light_lux,pm1_0,pm2_5,pm10,oxidising_raw,reducing_raw,nh3_raw,oxidising_index,reducing_index,nh3_index
2026-10-08T13:43:58.151996+00:00,23.61,81.52,681.62,163.22,0.0,0.0,0.0,186519.69,101948.72,35666.67,100.0,49.0,82.2
2026-10-08T13:44:18.023792+00:00,38.68,20.99,869.87,163.55,0.0,0.0,0.0,2003.77,255111.11,7900.41,0.0,0.0,96.0
2026-10-08T13:44:38.038886+00:00,38.66,20.91,869.83,163.22,0.0,0.0,0.0,2722.59,319609.76,18757.28,0.0,0.0,90.6
2026-10-08T13:44:58.052863+00:00,39.02,20.86,869.86,163.22,0.0,0.0,0.0,3230.77,336356.69,29674.55,0.0,0.0,85.2
2026-10-08T13:45:18.066717+00:00,38.5,21.15,869.81,59.06,0.0,0.0,0.0,3747.82,349263.16,40250.0,0.0,0.0,79.9
2026-10-08T13:45:38.081484+00:00,38.93,20.56,869.88,163.22,0.0,0.0,0.0,4215.05,365917.81,52641.98,0.0,0.0,73.7
2026-10-08T13:45:58.099403+00:00,38.96,20.34,869.88,163.22,0.0,1.0,1.0,4629.92,384000.0,64077.97,0.0,0.0,68.0
2026-10-08T13:46:18.115981+00:00,37.93,20.9,869.88,163.22,0.0,0.0,0.0,4990.1,396941.18,73957.81,0.0,0.0,63.0
2026-10-08T13:46:38.133345+00:00,37.46,21.44,869.89,163.22,0.0,0.0,0.0,5354.58,400296.3,83682.54,0.0,0.0,58.2
2026-10-08T13:46:58.148470+00:00,37.93,20.86,869.83,163.22,0.0,0.0,0.0,5785.36,414229.01,94980.39,0.0,0.0,52.5
2026-10-08T13:47:18.162069+00:00,37.72,20.9,869.86,163.55,0.0,0.0,0.0,6096.77,417846.15,102762.89,0.0,0.0,48.6
2026-10-08T13:47:38.176302+00:00,37.27,21.27,869.85,163.22,0.0,0.0,0.0,6411.35,425250.0,110486.49,0.0,0.0,44.8
2026-10-08T13:47:58.190523+00:00,37.63,21.01,869.87,163.22,0.0,0.0,0.0,6729.12,417846.15,115587.74,0.0,0.0,42.2
2026-10-08T13:48:18.204663+00:00,37.89,20.88,869.85,163.55,0.0,0.0,0.0,6985.69,417846.15,120504.3,0.0,0.0,39.7
2026-10-08T13:48:38.218946+00:00,37.74,21.05,869.84,163.55,0.0,0.0,0.0,7244.35,410666.67,123069.77,0.0,0.0,38.5
2026-10-08T13:48:58.233390+00:00,37.67,21.03,869.87,163.22,0.0,0.0,0.0,7505.15,414229.01,126248.52,0.0,0.0,36.9
2026-10-08T13:49:18.247609+00:00,37.58,21.22,869.91,164.1,0.0,0.0,0.0,7768.12,417846.15,130102.72,0.0,0.0,34.9
2026-10-08T13:49:38.262280+00:00,37.47,21.39,869.87,164.44,0.0,0.0,0.0,7966.77,410666.67,130666.67,0.0,0.0,34.7
2026-10-08T13:49:58.276855+00:00,37.65,21.15,869.9,164.1,0.0,0.0,0.0,8233.58,414229.01,134712.07,0.0,0.0,32.6
2026-10-08T13:50:18.290566+00:00,37.52,21.2,869.92,163.22,0.0,0.0,0.0,8502.62,417846.15,137710.69,0.0,0.0,31.1
2026-10-08T13:50:38.305264+00:00,37.32,21.37,869.9,163.77,0.0,0.0,0.0,8773.92,421519.38,142070.74,0.0,0.0,29.0
2026-10-08T13:50:58.319457+00:00,37.68,21.14,869.91,163.22,0.0,0.0,0.0,8978.9,414229.01,142709.68,0.0,0.0,28.6
2026-10-08T13:51:18.333890+00:00,37.66,21.21,869.93,164.1,0.0,0.0,0.0,9116.28,414229.01,144000.0,0.0,0.0,28.0
2026-10-08T13:51:38.348827+00:00,37.55,21.35,869.95,164.1,0.0,0.0,0.0,9323.44,410666.67,142709.68,0.0,0.0,28.6
2026-10-08T13:51:58.362819+00:00,37.92,20.92,869.89,163.77,0.0,0.0,0.0,9462.27,410666.67,144000.0,0.0,0.0,28.0
2026-10-08T13:52:18.376449+00:00,37.51,21.3,869.94,163.77,0.0,0.0,0.0,9671.64,417846.15,145307.19,0.0,0.0,27.3
2026-10-08T13:52:38.390934+00:00,37.33,21.38,869.94,163.77,0.0,0.0,0.0,9952.89,429039.37,151407.41,0.0,0.0,24.3
2026-10-08T13:52:58.405939+00:00,37.33,21.27,869.93,163.77,0.0,0.0,0.0,10165.41,448918.03,155683.85,0.0,0.0,22.2
2026-10-08T13:53:18.419989+00:00,37.59,21.14,869.94,164.1,0.0,0.0,0.0,10379.31,432888.89,159384.62,0.0,0.0,20.3
2026-10-08T13:53:38.434591+00:00,37.55,21.26,869.95,164.44,0.0,0.0,0.0,10522.68,421519.38,155683.85,0.0,0.0,22.2
2026-10-08T13:53:58.449485+00:00,37.36,21.38,869.96,164.1,0.0,0.0,0.0,10738.89,425250.0,159384.62,0.0,0.0,20.3
2026-10-08T13:54:18.462665+00:00,37.67,21.09,869.94,164.1,0.0,0.0,0.0,10956.52,432888.89,163217.08,0.0,0.0,18.4
2026-10-08T13:54:38.478580+00:00,37.78,20.95,869.92,163.55,0.0,0.0,0.0,11102.4,429039.37,163217.08,0.0,0.0,18.4
2026-10-08T13:54:58.493112+00:00,37.64,21.1,869.96,163.55,0.0,0.0,0.0,11248.91,432888.89,165582.73,0.0,0.0,17.2
2026-10-08T13:55:18.506849+00:00,37.78,20.89,869.97,163.22,0.0,0.0,0.0,11469.88,440774.19,170470.59,0.0,0.0,14.8
2026-10-08T13:55:38.521462+00:00,37.52,21.11,869.96,163.22,0.0,0.0,0.0,11692.31,436800.0,172148.15,0.0,0.0,13.9
2026-10-08T13:55:58.535096+00:00,37.46,21.3,869.98,164.1,0.0,0.0,0.0,11766.78,436800.0,172148.15,0.0,0.0,13.9
2026-10-08T13:56:18.549272+00:00,37.63,21.12,869.95,163.77,0.0,0.0,0.0,11916.21,432888.89,170470.59,0.0,0.0,14.8
2026-10-08T13:56:38.564619+00:00,37.77,21.03,869.92,163.77,0.0,0.0,0.0,11991.17,429039.37,168817.52,0.0,0.0,15.6
2026-10-08T13:56:58.580342+00:00,38.25,20.61,869.92,163.77,0.0,0.0,0.0,12141.59,429039.37,169641.03,0.0,0.0,15.2
2026-10-08T13:57:18.593801+00:00,38.29,20.5,869.9,163.77,0.0,0.0,0.0,12217.05,425250.0,168000.0,0.0,0.0,16.0
2026-10-08T13:57:38.608343+00:00,38.57,20.25,869.91,164.66,0.0,0.0,0.0,12292.68,417846.15,167188.41,0.0,0.0,16.4
2026-10-08T13:57:58.622601+00:00,38.35,20.39,869.94,164.66,0.0,0.0,0.0,12217.05,414229.01,160901.41,0.0,0.0,19.5
2026-10-08T13:58:18.637539+00:00,38.19,20.61,869.9,165.21,0.0,0.0,0.0,12217.05,414229.01,157888.89,0.0,0.0,21.1
2026-10-08T13:58:38.652384+00:00,37.98,20.93,869.92,165.54,0.0,0.0,0.0,12292.68,403701.49,154958.9,0.0,0.0,22.5
2026-10-08T13:58:58.666598+00:00,38.1,20.8,869.89,165.54,0.0,0.0,0.0,12368.48,407157.89,155683.85,0.0,0.0,22.2
2026-10-08T13:59:18.681039+00:00,38.07,20.96,869.88,165.21,0.0,0.0,0.0,12368.48,393635.04,151407.41,0.0,0.0,24.3
2026-10-08T13:59:38.695335+00:00,38.12,20.96,869.91,164.66,0.0,0.0,0.0,12444.44,400296.3,150711.41,0.0,0.0,24.6
2026-10-08T13:59:58.709567+00:00,38.34,20.72,869.86,164.99,0.0,0.0,0.0,12520.58,393635.04,151407.41,0.0,0.0,24.3
2026-10-08T14:00:18.723408+00:00,38.46,20.48,869.89,164.66,0.0,0.0,0.0,12520.58,396941.18,148651.16,0.0,0.0,25.7
2026-10-08T14:00:38.738898+00:00,38.36,20.67,869.88,163.77,0.0,0.0,0.0,12673.36,390376.81,150020.07,0.0,0.0,25.0
2026-10-08T14:00:58.752867+00:00,38.46,20.64,869.9,163.77,0.0,0.0,0.0,12673.36,380879.43,146631.58,0.0,0.0,26.7
2026-10-08T14:01:18.767324+00:00,38.65,20.48,869.88,163.77,0.0,0.0,0.0,12826.82,390376.81,147973.51,0.0,0.0,26.0
2026-10-08T14:01:38.782715+00:00,38.71,20.31,869.88,163.77,0.0,0.0,0.0,12903.8,393635.04,149333.33,0.0,0.0,25.3
2026-10-08T14:01:58.796587+00:00,38.75,20.28,869.88,163.77,0.0,0.0,0.0,12903.8,384000.0,145967.21,0.0,0.0,27.0
2026-10-08T14:02:18.811161+00:00,38.74,20.3,869.86,163.77,0.0,0.0,0.0,12903.8,387165.47,146631.58,0.0,0.0,26.7
2026-10-08T14:02:38.826353+00:00,38.79,20.31,869.91,163.77,0.0,0.0,0.0,12903.8,377802.82,144000.0,0.0,0.0,28.0
2026-10-08T14:02:58.841339+00:00,38.58,20.5,869.89,163.77,0.0,0.0,0.0,12980.96,377802.82,143352.75,0.0,0.0,28.3
2026-10-08T14:03:18.854945+00:00,38.66,20.46,869.88,164.66,0.0,0.0,0.0,13058.3,374769.23,144651.47,0.0,0.0,27.7
2026-10-08T14:03:38.869684+00:00,38.59,20.51,869.9,164.66,0.0,0.0,0.0,13291.34,374769.23,145967.21,0.0,0.0,27.0
2026-10-08T14:03:58.884736+00:00,38.68,20.46,869.89,164.32,0.0,0.0,0.0,13291.34,377802.82,144651.47,0.0,0.0,27.7
2026-10-08T14:04:18.898796+00:00,38.74,20.37,869.89,164.66,0.0,0.0,0.0,13213.48,374769.23,141435.9,0.0,0.0,29.3
2026-10-08T14:04:38.913253+00:00,38.51,20.58,869.83,164.66,0.0,0.0,0.0,13291.34,371777.78,142709.68,0.0,0.0,28.6
2026-10-08T14:04:58.927814+00:00,38.83,20.32,869.9,165.21,0.0,0.0,0.0,13369.37,371777.78,141435.9,0.0,0.0,29.3
2026-10-08T14:05:18.941025+00:00,39.33,19.96,869.92,165.21,0.0,0.0,0.0,13447.58,368827.59,142709.68,0.0,0.0,28.6
2026-10-08T14:05:38.956709+00:00,39.01,20.06,869.86,165.54,0.0,0.0,0.0,13525.96,371777.78,142070.74,0.0,0.0,29.0
2026-10-08T14:05:58.971442+00:00,38.9,20.19,869.87,166.65,0.0,0.0,0.0,13604.52,371777.78,142709.68,0.0,0.0,28.6
2026-10-08T14:06:18.985056+00:00,38.64,20.49,869.86,172.85,0.0,0.0,0.0,13525.96,371777.78,140178.34,0.0,0.0,29.9
2026-10-08T14:06:38.999562+00:00,38.42,20.72,869.88,173.4,0.0,0.0,0.0,13604.52,365917.81,138936.71,0.0,0.0,30.5
2026-10-08T14:06:59.014190+00:00,38.49,20.72,869.89,175.39,0.0,0.0,0.0,13604.52,363047.62,138321.77,0.0,0.0,30.8
2026-10-08T14:07:19.028165+00:00,38.26,20.87,869.87,175.39,0.0,0.0,0.0,13683.26,365917.81,138321.77,0.0,0.0,30.8
2026-10-08T14:07:39.042831+00:00,38.43,20.7,869.85,175.95,0.0,0.0,0.0,13683.26,365917.81,137103.45,0.0,0.0,31.4
2026-10-08T14:07:59.058249+00:00,38.54,20.65,869.89,176.83,0.0,0.0,0.0,13683.26,365917.81,137710.69,0.0,0.0,31.1
2026-10-08T14:08:19.072137+00:00,38.5,20.66,869.86,179.16,0.0,0.0,0.0,13683.26,363047.62,135900.31,0.0,0.0,32.0
2026-10-08T14:08:39.087152+00:00,38.76,20.48,869.88,176.83,0.0,0.0,0.0,13762.17,363047.62,137103.45,0.0,0.0,31.4
2026-10-08T14:08:59.101968+00:00,38.92,20.32,869.91,179.16,0.0,0.0,0.0,13762.17,360216.22,135900.31,0.0,0.0,32.0
2026-10-08T14:09:19.124621+00:00,38.96,20.26,869.91,179.16,0.0,0.0,0.0,13841.27,360216.22,137103.45,0.0,0.0,31.4
2026-10-08T14:09:39.139694+00:00,39.1,20.09,869.87,179.16,0.0,0.0,0.0,13920.54,365917.81,137710.69,0.0,0.0,31.1
2026-10-08T14:09:59.155375+00:00,38.89,20.29,869.87,179.16,0.0,0.0,0.0,13920.54,357422.82,135900.31,0.0,0.0,32.0
2026-10-08T14:10:19.168929+00:00,39.05,20.14,869.87,179.16,0.0,0.0,0.0,14079.64,360216.22,138936.71,0.0,0.0,30.5
2026-10-08T14:10:39.184472+00:00,38.54,20.6,869.91,178.83,0.0,0.0,0.0,14079.64,360216.22,137103.45,0.0,0.0,31.4
2026-10-08T14:10:59.198743+00:00,38.4,20.8,869.85,174.96,0.0,0.0,0.0,14000.0,357422.82,135900.31,0.0,0.0,32.0
2026-10-08T14:11:19.214481+00:00,38.54,20.68,869.84,179.16,0.0,0.0,0.0,14079.64,357422.82,135900.31,0.0,0.0,32.0
2026-10-08T14:11:39.229885+00:00,38.58,20.63,869.85,178.83,0.0,0.0,0.0,14079.64,360216.22,135900.31,0.0,0.0,32.0
2026-10-08T14:11:59.243954+00:00,38.63,20.51,869.87,178.83,0.0,0.0,0.0,14159.45,357422.82,135900.31,0.0,0.0,32.0
2026-10-08T14:12:19.257663+00:00,38.37,20.82,869.87,179.71,0.0,0.0,0.0,14159.45,357422.82,134712.07,0.0,0.0,32.6
2026-10-08T14:12:39.272800+00:00,38.72,20.53,869.88,179.71,0.0,0.0,0.0,14159.45,354666.67,134712.07,0.0,0.0,32.6
2026-10-08T14:12:59.287041+00:00,38.89,20.34,869.86,179.71,0.0,0.0,0.0,14079.64,351947.02,132379.2,0.0,0.0,33.8
2026-10-08T14:13:19.301267+00:00,38.66,20.52,869.87,180.27,0.0,0.0,0.0,14159.45,354666.67,134123.46,0.0,0.0,32.9
2026-10-08T14:13:39.316032+00:00,38.89,20.68,869.9,180.27,0.0,0.0,0.0,14239.45,351947.02,134123.46,0.0,0.0,32.9
2026-10-08T14:13:59.330740+00:00,38.58,20.75,869.84,181.15,0.0,0.0,0.0,14319.63,360216.22,135304.35,0.0,0.0,32.3
2026-10-08T14:14:19.344483+00:00,38.29,21.07,869.84,181.15,0.0,0.0,0.0,14400.0,357422.82,136500.0,0.0,0.0,31.8
2026-10-08T14:14:39.359213+00:00,38.56,20.72,869.83,180.82,0.0,0.0,0.0,14480.55,354666.67,137103.45,0.0,0.0,31.4
2026-10-08T14:14:59.374139+00:00,38.56,20.74,869.84,180.82,0.0,0.0,0.0,14561.28,357422.82,137710.69,0.0,0.0,31.1
2026-10-08T14:15:19.388129+00:00,38.23,21.09,869.83,182.04,0.0,0.0,0.0,14723.31,357422.82,140805.11,0.0,0.0,29.6
2026-10-08T14:15:39.402509+00:00,38.33,20.96,869.83,181.15,0.0,0.0,0.0,14804.6,357422.82,141435.9,0.0,0.0,29.3
2026-10-08T14:15:59.417256+00:00,38.13,21.13,869.82,181.71,0.0,0.0,0.0,14886.08,357422.82,140178.34,0.0,0.0,29.9
2026-10-08T14:16:19.431279+00:00,38.31,21.04,869.83,181.37,0.0,0.0,0.0,14967.74,360216.22,142709.68,0.0,0.0,28.6
2026-10-08T14:16:39.446333+00:00,38.55,20.8,869.85,181.37,0.0,0.0,0.0,15131.64,357422.82,143352.75,0.0,0.0,28.3
2026-10-08T14:16:59.461205+00:00,39.19,20.29,869.87,181.71,0.0,0.0,0.0,15049.6,354666.67,140805.11,0.0,0.0,29.6
2026-10-08T14:17:19.474876+00:00,39.54,19.89,869.87,180.82,0.0,0.0,0.0,15131.64,357422.82,142070.74,0.0,0.0,29.0
2026-10-08T14:17:39.489367+00:00,39.06,20.21,869.89,181.15,0.0,0.0,0.0,15131.64,357422.82,142070.74,0.0,0.0,29.0
2026-10-08T14:17:59.508248+00:00,38.9,20.44,869.87,179.5,0.0,0.0,0.0,15131.64,354666.67,140178.34,0.0,0.0,29.9
2026-10-08T14:18:19.522778+00:00,39.19,20.18,869.89,179.71,0.0,0.0,0.0,15131.64,357422.82,140805.11,0.0,0.0,29.6
2026-10-08T14:18:39.537427+00:00,39.11,20.24,869.89,180.27,0.0,0.0,0.0,15296.3,357422.82,141435.9,0.0,0.0,29.3
2026-10-08T14:18:59.552341+00:00,38.87,20.51,869.9,180.82,0.0,0.0,0.0,15296.3,357422.82,140805.11,0.0,0.0,29.6
2026-10-08T14:19:19.566020+00:00,38.68,20.73,869.88,180.82,0.0,0.0,0.0,15213.87,357422.82,140178.34,0.0,0.0,29.9
2026-10-08T14:19:39.582002+00:00,38.46,21.02,869.86,180.82,0.0,0.0,0.0,15296.3,357422.82,140805.11,0.0,0.0,29.6
2026-10-08T14:19:59.600011+00:00,38.64,20.86,869.89,180.82,0.0,0.0,0.0,15296.3,354666.67,140178.34,0.0,0.0,29.9
2026-10-08T14:20:19.613970+00:00,38.89,20.56,869.89,180.82,0.0,0.0,0.0,15296.3,351947.02,137710.69,0.0,0.0,31.1
2026-10-08T14:20:39.628904+00:00,38.89,20.54,869.92,181.49,0.0,0.0,0.0,15131.64,349263.16,133538.46,0.0,0.0,33.2
2026-10-08T14:20:59.644327+00:00,38.84,20.61,869.9,179.16,0.0,0.0,0.0,14967.74,346614.38,131234.04,0.0,0.0,34.4
2026-10-08T14:21:19.658318+00:00,38.57,20.86,869.9,179.71,0.0,0.0,0.0,15049.6,349263.16,133538.46,0.0,0.0,33.2
2026-10-08T14:21:39.674390+00:00,38.61,20.96,869.92,179.83,0.0,0.0,0.0,15131.64,349263.16,134712.07,0.0,0.0,32.6
2026-10-08T14:21:59.689200+00:00,38.94,20.68,869.93,179.5,0.0,0.0,0.0,15213.87,351947.02,135900.31,0.0,0.0,32.0
2026-10-08T14:22:19.702956+00:00,39.14,20.6,869.86,179.5,0.0,0.0,0.0,15296.3,349263.16,135900.31,0.0,0.0,32.0
2026-10-08T14:22:39.717616+00:00,39.47,20.19,869.84,177.17,0.0,0.0,0.0,15296.3,349263.16,134712.07,0.0,0.0,32.6
2026-10-08T14:22:59.732353+00:00,39.34,20.25,869.85,171.86,0.0,0.0,0.0,15213.87,346614.38,132379.2,0.0,0.0,33.8
2026-10-08T14:23:19.746190+00:00,39.16,20.44,870.0,172.19,0.0,0.0,0.0,15296.3,349263.16,134712.07,0.0,0.0,32.6
2026-10-08T14:23:39.760993+00:00,39.55,20.14,869.96,169.53,0.0,0.0,0.0,15296.3,349263.16,134123.46,0.0,0.0,32.9
2026-10-08T14:23:59.775739+00:00,40.21,19.51,869.94,168.64,0.0,0.0,0.0,15461.72,354666.67,137103.45,0.0,0.0,31.4
2026-10-08T14:24:19.789463+00:00,40.19,19.45,869.94,168.42,0.0,0.0,0.0,15711.29,357422.82,140805.11,0.0,0.0,29.6
2026-10-08T14:24:39.804407+00:00,39.78,19.85,869.94,167.54,0.0,0.0,0.0,15627.91,351947.02,137710.69,0.0,0.0,31.1
2026-10-08T14:24:59.818892+00:00,39.76,19.84,869.94,167.87,0.0,0.0,0.0,15627.91,351947.02,138321.77,0.0,0.0,30.8
2026-10-08T14:25:19.833331+00:00,39.4,20.17,869.95,166.65,0.0,0.0,0.0,15378.91,346614.38,132957.06,0.0,0.0,33.5
2026-10-08T14:25:39.848466+00:00,39.32,20.25,869.99,166.43,0.0,0.0,0.0,15378.91,344000.0,131804.88,0.0,0.0,34.1
2026-10-08T14:25:59.862392+00:00,39.64,20.0,869.93,165.54,0.0,0.0,0.0,15461.72,349263.16,134123.46,0.0,0.0,32.9
2026-10-08T14:26:19.876133+00:00,39.88,19.8,869.95,164.66,0.0,0.0,0.0,15544.72,349263.16,134712.07,0.0,0.0,32.6
2026-10-08T14:26:39.891174+00:00,40.09,19.59,869.95,164.66,0.0,0.0,0.0,15544.72,351947.02,135304.35,0.0,0.0,32.3
2026-10-08T14:26:59.908224+00:00,39.8,19.79,869.93,164.66,0.0,0.0,0.0,15627.91,349263.16,136500.0,0.0,0.0,31.8
2026-10-08T14:27:19.929074+00:00,39.54,20.06,869.92,163.77,0.0,0.0,0.0,15627.91,351947.02,135900.31,0.0,0.0,32.0
2026-10-08T14:27:39.943816+00:00,39.39,20.23,869.96,163.77,0.0,0.0,0.0,15544.72,346614.38,133538.46,0.0,0.0,33.2
