timestamp_utc,entry_id,temperature_c,humidity_pct,pressure_hpa,pm1_0,pm2_5,pm10,oxidising_index,reducing_index,co_index,no2_index,timestamp_sast
2026-07-21 13:00:17.389544+00:00,35.72,13.53,869.33,16.08,10.0,16.0,19.0,23381.44,407157.89,407157.89,23381.44,2026-07-21 15:00:17.389544+02:00
2026-07-21 13:00:37.395498+00:00,35.74,13.5,869.31,16.08,11.0,17.0,20.0,23279.28,403701.49,403701.49,23279.28,2026-07-21 15:00:37.395498+02:00
2026-07-21 13:00:57.415076+00:00,35.77,13.45,869.29,16.08,11.0,17.0,20.0,23381.44,400296.3,400296.3,23381.44,2026-07-21 15:00:57.415076+02:00
2026-07-21 13:01:17.418212+00:00,35.8,13.46,869.3,16.08,10.0,16.0,19.0,23381.44,400296.3,400296.3,23381.44,2026-07-21 15:01:17.418212+02:00
2026-07-21 13:01:37.424838+00:00,35.78,13.48,869.25,16.08,10.0,16.0,19.0,23279.28,400296.3,400296.3,23279.28,2026-07-21 15:01:37.424838+02:00
2026-07-21 13:01:57.472850+00:00,35.8,13.49,869.26,16.08,10.0,16.0,19.0,23381.44,396941.18,396941.18,23381.44,2026-07-21 15:01:57.472850+02:00
2026-07-21 13:02:17.478291+00:00,35.84,13.5,869.26,16.08,10.0,16.0,20.0,23279.28,393635.04,393635.04,23279.28,2026-07-21 15:02:17.478291+02:00
2026-07-21 13:02:37.577444+00:00,35.82,13.41,869.25,16.08,10.0,16.0,20.0,23279.28,390376.81,390376.81,23279.28,2026-07-21 15:02:37.577444+02:00
2026-07-21 13:02:57.661275+00:00,35.8,13.46,869.28,16.08,9.0,15.0,18.0,23279.28,390376.81,390376.81,23279.28,2026-07-21 15:02:57.661275+02:00
2026-07-21 13:03:17.673138+00:00,35.84,13.39,869.25,16.08,10.0,16.0,20.0,23279.28,387165.47,387165.47,23279.28,2026-07-21 15:03:17.673138+02:00
2026-07-21 13:03:37.676724+00:00,35.88,13.41,869.26,16.08,10.0,17.0,20.0,23279.28,387165.47,387165.47,23279.28,2026-07-21 15:03:37.676724+02:00
2026-07-21 13:03:57.698378+00:00,35.85,13.49,869.24,16.08,11.0,18.0,21.0,23177.38,384000.0,384000.0,23177.38,2026-07-21 15:03:57.698378+02:00
2026-07-21 13:04:17.699123+00:00,35.91,13.43,869.24,16.08,11.0,18.0,21.0,23177.38,380879.43,380879.43,23177.38,2026-07-21 15:04:17.699123+02:00
2026-07-21 13:04:37.714821+00:00,35.96,13.4,869.29,16.08,11.0,17.0,19.0,23075.74,380879.43,380879.43,23075.74,2026-07-21 15:04:37.714821+02:00
2026-07-21 13:04:57.723267+00:00,35.97,13.41,869.27,16.08,11.0,17.0,18.0,23075.74,377802.82,377802.82,23075.74,2026-07-21 15:04:57.723267+02:00
2026-07-21 13:05:17.821037+00:00,36.0,13.31,869.23,16.08,12.0,18.0,19.0,23177.38,384000.0,384000.0,23177.38,2026-07-21 15:05:17.821037+02:00
2026-07-21 13:05:37.919114+00:00,36.06,13.27,869.23,16.08,11.0,17.0,17.0,23177.38,377802.82,377802.82,23177.38,2026-07-21 15:05:37.919114+02:00
2026-07-21 13:05:57.942917+00:00,36.03,13.24,869.23,16.08,12.0,18.0,19.0,23177.38,374769.23,374769.23,23177.38,2026-07-21 15:05:57.942917+02:00
2026-07-21 13:06:17.953850+00:00,35.98,13.28,869.24,16.08,12.0,18.0,21.0,23177.38,374769.23,374769.23,23177.38,2026-07-21 15:06:17.953850+02:00
2026-07-21 13:06:37.965513+00:00,36.01,13.37,869.22,16.08,12.0,18.0,21.0,23075.74,377802.82,377802.82,23075.74,2026-07-21 15:06:37.965513+02:00
2026-07-21 13:06:58.002379+00:00,36.05,13.22,869.25,16.08,12.0,18.0,21.0,23177.38,371777.78,371777.78,23177.38,2026-07-21 15:06:58.002379+02:00
2026-07-21 13:07:18.012068+00:00,36.04,13.24,869.24,16.08,11.0,18.0,21.0,23075.74,371777.78,371777.78,23075.74,2026-07-21 15:07:18.012068+02:00
2026-07-21 13:07:38.018454+00:00,36.05,13.35,869.26,16.08,11.0,18.0,21.0,23075.74,368827.59,368827.59,23075.74,2026-07-21 15:07:38.018454+02:00
2026-07-21 13:07:58.103364+00:00,36.01,13.26,869.21,16.08,11.0,18.0,21.0,23075.74,368827.59,368827.59,23075.74,2026-07-21 15:07:58.103364+02:00
2026-07-21 13:08:18.114022+00:00,36.11,13.24,869.23,16.08,11.0,17.0,20.0,23075.74,368827.59,368827.59,23075.74,2026-07-21 15:08:18.114022+02:00
2026-07-21 13:08:38.118698+00:00,36.16,13.21,869.23,16.08,11.0,17.0,20.0,22974.36,368827.59,368827.59,22974.36,2026-07-21 15:08:38.118698+02:00
2026-07-21 13:08:58.142153+00:00,36.17,13.21,869.23,16.08,11.0,17.0,20.0,22974.36,368827.59,368827.59,22974.36,2026-07-21 15:08:58.142153+02:00
2026-07-21 13:09:18.144465+00:00,36.18,13.16,869.26,16.08,11.0,17.0,20.0,23075.74,371777.78,371777.78,23075.74,2026-07-21 15:09:18.144465+02:00
2026-07-21 13:09:38.154673+00:00,36.24,13.11,869.23,16.08,11.0,17.0,20.0,23075.74,374769.23,374769.23,23075.74,2026-07-21 15:09:38.154673+02:00
2026-07-21 13:09:58.185206+00:00,36.25,13.0,869.26,16.08,11.0,17.0,20.0,23177.38,374769.23,374769.23,23177.38,2026-07-21 15:09:58.185206+02:00
2026-07-21 13:10:18.187166+00:00,36.25,12.98,869.27,16.08,11.0,17.0,20.0,23177.38,374769.23,374769.23,23177.38,2026-07-21 15:10:18.187166+02:00
2026-07-21 13:10:38.196804+00:00,36.25,12.89,869.27,16.08,11.0,17.0,20.0,23177.38,377802.82,377802.82,23177.38,2026-07-21 15:10:38.196804+02:00
2026-07-21 13:10:58.247049+00:00,36.17,12.98,869.23,16.08,11.0,17.0,20.0,23279.28,377802.82,377802.82,23279.28,2026-07-21 15:10:58.247049+02:00
2026-07-21 13:11:18.261437+00:00,36.13,12.96,869.24,16.08,11.0,17.0,19.0,23279.28,374769.23,374769.23,23279.28,2026-07-21 15:11:18.261437+02:00
2026-07-21 13:11:38.272942+00:00,36.11,12.96,869.22,16.08,11.0,17.0,19.0,23279.28,374769.23,374769.23,23279.28,2026-07-21 15:11:38.272942+02:00
2026-07-21 13:11:58.281562+00:00,36.12,13.11,869.22,16.08,11.0,17.0,19.0,23279.28,377802.82,377802.82,23279.28,2026-07-21 15:11:58.281562+02:00
2026-07-21 13:12:18.378572+00:00,36.07,12.98,869.2,16.08,10.0,17.0,19.0,23381.44,377802.82,377802.82,23381.44,2026-07-21 15:12:18.378572+02:00
2026-07-21 13:12:38.385533+00:00,36.02,12.98,869.18,16.08,10.0,17.0,19.0,23381.44,377802.82,377802.82,23381.44,2026-07-21 15:12:38.385533+02:00
2026-07-21 13:12:58.413149+00:00,35.97,13.03,869.21,16.08,10.0,17.0,19.0,23381.44,368827.59,368827.59,23381.44,2026-07-21 15:12:58.413149+02:00
2026-07-21 13:13:18.440729+00:00,35.91,13.1,869.18,16.08,10.0,17.0,19.0,23381.44,374769.23,374769.23,23381.44,2026-07-21 15:13:18.440729+02:00
2026-07-21 13:13:38.539976+00:00,35.96,13.03,869.17,16.08,10.0,17.0,19.0,23279.28,371777.78,371777.78,23279.28,2026-07-21 15:13:38.539976+02:00
2026-07-21 13:13:58.546124+00:00,36.05,13.09,869.2,16.08,10.0,17.0,19.0,23279.28,371777.78,371777.78,23279.28,2026-07-21 15:13:58.546124+02:00
2026-07-21 13:14:18.559537+00:00,36.09,13.08,869.16,16.08,10.0,17.0,19.0,23177.38,371777.78,371777.78,23177.38,2026-07-21 15:14:18.559537+02:00
2026-07-21 13:14:38.565989+00:00,36.14,13.03,869.18,16.08,10.0,17.0,19.0,23177.38,371777.78,371777.78,23177.38,2026-07-21 15:14:38.565989+02:00
2026-07-21 13:14:58.590909+00:00,36.18,13.02,869.18,16.08,10.0,17.0,19.0,23177.38,368827.59,368827.59,23177.38,2026-07-21 15:14:58.590909+02:00
2026-07-21 13:15:18.681778+00:00,36.2,13.01,869.18,16.08,9.0,16.0,17.0,23177.38,365917.81,365917.81,23177.38,2026-07-21 15:15:18.681778+02:00
2026-07-21 13:15:38.692557+00:00,36.2,13.05,869.19,16.08,9.0,16.0,17.0,23177.38,368827.59,368827.59,23177.38,2026-07-21 15:15:38.692557+02:00
2026-07-21 13:15:58.715328+00:00,36.24,13.03,869.18,16.08,9.0,16.0,17.0,23177.38,368827.59,368827.59,23177.38,2026-07-21 15:15:58.715328+02:00
2026-07-21 13:16:18.719556+00:00,36.27,13.04,869.16,16.08,10.0,16.0,16.0,23075.74,368827.59,368827.59,23075.74,2026-07-21 15:16:18.719556+02:00
2026-07-21 13:16:38.727037+00:00,36.27,13.07,869.17,16.08,10.0,16.0,16.0,23075.74,368827.59,368827.59,23075.74,2026-07-21 15:16:38.727037+02:00
2026-07-21 13:16:58.751650+00:00,36.3,13.05,869.18,16.08,10.0,16.0,16.0,23075.74,368827.59,368827.59,23075.74,2026-07-21 15:16:58.751650+02:00
2026-07-21 13:17:18.767017+00:00,36.33,13.05,869.16,16.08,10.0,16.0,17.0,23075.74,360216.22,360216.22,23075.74,2026-07-21 15:17:18.767017+02:00
2026-07-21 13:17:38.828501+00:00,36.27,13.08,869.17,16.08,10.0,16.0,17.0,23075.74,357422.82,357422.82,23075.74,2026-07-21 15:17:38.828501+02:00
2026-07-21 13:17:58.847625+00:00,36.28,13.1,869.2,16.08,10.0,16.0,17.0,23075.74,363047.62,363047.62,23075.74,2026-07-21 15:17:58.847625+02:00
2026-07-21 13:18:18.863739+00:00,36.37,12.99,869.15,16.08,11.0,16.0,18.0,23075.74,363047.62,363047.62,23075.74,2026-07-21 15:18:18.863739+02:00
2026-07-21 13:18:38.959167+00:00,36.41,12.98,869.13,16.08,11.0,16.0,18.0,22974.36,360216.22,360216.22,22974.36,2026-07-21 15:18:38.959167+02:00
2026-07-21 13:18:58.991258+00:00,36.46,12.93,869.15,16.08,11.0,16.0,18.0,23075.74,363047.62,363047.62,23075.74,2026-07-21 15:18:58.991258+02:00
2026-07-21 13:19:19.090592+00:00,36.48,12.93,869.16,16.08,11.0,17.0,18.0,22974.36,360216.22,360216.22,22974.36,2026-07-21 15:19:19.090592+02:00
2026-07-21 13:19:39.096569+00:00,36.48,12.93,869.13,16.08,11.0,17.0,18.0,22974.36,357422.82,357422.82,22974.36,2026-07-21 15:19:39.096569+02:00
2026-07-21 13:19:59.172042+00:00,36.53,12.93,869.15,16.08,11.0,17.0,18.0,22974.36,360216.22,360216.22,22974.36,2026-07-21 15:19:59.172042+02:00
2026-07-21 13:20:19.181005+00:00,36.53,12.89,869.15,16.08,11.0,18.0,19.0,22974.36,357422.82,357422.82,22974.36,2026-07-21 15:20:19.181005+02:00
2026-07-21 13:20:39.182897+00:00,36.49,12.91,869.13,16.08,11.0,18.0,19.0,22974.36,357422.82,357422.82,22974.36,2026-07-21 15:20:39.182897+02:00
2026-07-21 13:20:59.198151+00:00,36.39,12.98,869.13,16.08,11.0,18.0,19.0,22974.36,357422.82,357422.82,22974.36,2026-07-21 15:20:59.198151+02:00
2026-07-21 13:21:19.206065+00:00,36.29,13.06,869.16,16.08,11.0,18.0,19.0,22974.36,357422.82,357422.82,22974.36,2026-07-21 15:21:19.206065+02:00
2026-07-21 13:21:39.216977+00:00,36.29,13.06,869.18,13.94,11.0,18.0,19.0,22974.36,357422.82,357422.82,22974.36,2026-07-21 15:21:39.216977+02:00
2026-07-21 13:21:59.230019+00:00,36.31,13.04,869.16,13.94,11.0,18.0,19.0,23075.74,357422.82,357422.82,23075.74,2026-07-21 15:21:59.230019+02:00
2026-07-21 13:22:19.325119+00:00,36.35,13.06,869.15,13.94,12.0,17.0,18.0,23075.74,360216.22,360216.22,23075.74,2026-07-21 15:22:19.325119+02:00
2026-07-21 13:22:39.424607+00:00,36.37,13.06,869.16,13.94,12.0,17.0,18.0,23075.74,360216.22,360216.22,23075.74,2026-07-21 15:22:39.424607+02:00
2026-07-21 13:22:59.456941+00:00,36.39,12.97,869.13,13.94,12.0,17.0,18.0,23075.74,360216.22,360216.22,23075.74,2026-07-21 15:22:59.456941+02:00
2026-07-21 13:23:19.474716+00:00,36.39,13.01,869.14,13.94,12.0,17.0,19.0,23177.38,357422.82,357422.82,23177.38,2026-07-21 15:23:19.474716+02:00
2026-07-21 13:23:39.488374+00:00,36.38,13.04,869.13,13.94,12.0,17.0,19.0,23075.74,357422.82,357422.82,23075.74,2026-07-21 15:23:39.488374+02:00
2026-07-21 13:23:59.564644+00:00,36.35,12.95,869.1,13.94,12.0,17.0,19.0,23177.38,360216.22,360216.22,23177.38,2026-07-21 15:23:59.564644+02:00
2026-07-21 13:24:19.572308+00:00,36.3,13.03,869.14,13.94,12.0,16.0,21.0,23177.38,360216.22,360216.22,23177.38,2026-07-21 15:24:19.572308+02:00
2026-07-21 13:24:39.602499+00:00,36.21,13.08,869.11,13.94,12.0,16.0,21.0,23279.28,354666.67,354666.67,23279.28,2026-07-21 15:24:39.602499+02:00
2026-07-21 13:24:59.643792+00:00,36.19,13.02,869.1,13.94,12.0,16.0,21.0,23279.28,360216.22,360216.22,23279.28,2026-07-21 15:24:59.643792+02:00
2026-07-21 13:25:19.741251+00:00,36.19,13.06,869.09,13.94,12.0,17.0,22.0,23381.44,363047.62,363047.62,23381.44,2026-07-21 15:25:19.741251+02:00
2026-07-21 13:25:39.741893+00:00,36.2,13.0,869.1,13.94,12.0,17.0,22.0,23381.44,363047.62,363047.62,23381.44,2026-07-21 15:25:39.741893+02:00
2026-07-21 13:25:59.770000+00:00,36.21,13.05,869.12,13.94,12.0,17.0,22.0,23279.28,360216.22,360216.22,23279.28,2026-07-21 15:25:59.770000+02:00
2026-07-21 13:26:19.779945+00:00,36.17,13.11,869.13,13.94,12.0,17.0,22.0,23279.28,357422.82,357422.82,23279.28,2026-07-21 15:26:19.779945+02:00
2026-07-21 13:26:39.782440+00:00,36.23,13.1,869.09,13.94,12.0,17.0,22.0,23279.28,354666.67,354666.67,23279.28,2026-07-21 15:26:39.782440+02:00
2026-07-21 13:26:59.784036+00:00,36.2,13.12,869.1,13.94,12.0,17.0,22.0,23279.28,354666.67,354666.67,23279.28,2026-07-21 15:26:59.784036+02:00
2026-07-21 13:27:19.794743+00:00,36.2,13.1,869.11,13.94,13.0,18.0,21.0,23279.28,354666.67,354666.67,23279.28,2026-07-21 15:27:19.794743+02:00
2026-07-21 13:27:39.802352+00:00,36.18,13.17,869.09,13.94,13.0,18.0,21.0,23279.28,357422.82,357422.82,23279.28,2026-07-21 15:27:39.802352+02:00
2026-07-21 13:27:59.814847+00:00,36.16,13.16,869.12,13.94,13.0,18.0,21.0,23279.28,354666.67,354666.67,23279.28,2026-07-21 15:27:59.814847+02:00
2026-07-21 13:28:19.817800+00:00,36.15,13.18,869.1,13.94,13.0,18.0,21.0,23279.28,351947.02,351947.02,23279.28,2026-07-21 15:28:19.817800+02:00
2026-07-21 13:28:39.914231+00:00,36.11,13.23,869.08,13.94,13.0,18.0,21.0,23279.28,351947.02,351947.02,23279.28,2026-07-21 15:28:39.914231+02:00
2026-07-21 13:28:59.940641+00:00,36.14,13.2,869.07,13.94,13.0,18.0,21.0,23279.28,354666.67,354666.67,23279.28,2026-07-21 15:28:59.940641+02:00
2026-07-21 13:29:20.040643+00:00,36.12,13.21,869.1,13.94,12.0,16.0,20.0,23279.28,351947.02,351947.02,23279.28,2026-07-21 15:29:20.040643+02:00
2026-07-21 13:29:40.137639+00:00,36.1,13.25,869.12,13.94,12.0,16.0,20.0,23279.28,349263.16,349263.16,23279.28,2026-07-21 15:29:40.137639+02:00
2026-07-21 13:30:00.145954+00:00,36.1,13.22,869.08,13.94,12.0,16.0,20.0,23279.28,346614.38,346614.38,23279.28,2026-07-21 15:30:00.145954+02:00
2026-07-21 13:30:20.163269+00:00,36.1,13.17,869.05,13.94,13.0,17.0,21.0,23381.44,351947.02,351947.02,23381.44,2026-07-21 15:30:20.163269+02:00
2026-07-21 13:30:40.170040+00:00,36.04,13.21,869.1,13.94,13.0,17.0,21.0,23381.44,351947.02,351947.02,23381.44,2026-07-21 15:30:40.170040+02:00
2026-07-21 13:31:00.196983+00:00,36.09,13.31,869.07,13.94,13.0,17.0,21.0,23381.44,354666.67,354666.67,23381.44,2026-07-21 15:31:00.196983+02:00
2026-07-21 13:31:20.197567+00:00,36.12,13.24,869.08,13.94,13.0,17.0,21.0,23381.44,349263.16,349263.16,23381.44,2026-07-21 15:31:20.197567+02:00
2026-07-21 13:31:40.206051+00:00,36.16,13.16,869.1,13.94,13.0,17.0,21.0,23483.87,354666.67,354666.67,23483.87,2026-07-21 15:31:40.206051+02:00
2026-07-21 13:32:00.241868+00:00,36.13,13.2,869.08,13.94,13.0,17.0,21.0,23381.44,351947.02,351947.02,23381.44,2026-07-21 15:32:00.241868+02:00
2026-07-21 13:32:20.246112+00:00,36.18,13.13,869.05,13.94,12.0,17.0,21.0,23381.44,351947.02,351947.02,23381.44,2026-07-21 15:32:20.246112+02:00
2026-07-21 13:32:40.252801+00:00,36.23,13.12,869.09,13.94,12.0,17.0,21.0,23381.44,349263.16,349263.16,23381.44,2026-07-21 15:32:40.252801+02:00
2026-07-21 13:33:00.263129+00:00,36.23,13.09,869.07,13.94,12.0,17.0,21.0,23381.44,346614.38,346614.38,23381.44,2026-07-21 15:33:00.263129+02:00
2026-07-21 13:33:20.269519+00:00,36.28,13.08,869.08,13.94,12.0,18.0,21.0,23381.44,349263.16,349263.16,23381.44,2026-07-21 15:33:20.269519+02:00
2026-07-21 13:33:40.287835+00:00,36.29,13.04,869.04,13.94,12.0,18.0,21.0,23381.44,349263.16,349263.16,23381.44,2026-07-21 15:33:40.287835+02:00
2026-07-21 13:34:00.367178+00:00,36.25,13.09,869.04,13.94,12.0,18.0,21.0,23279.28,349263.16,349263.16,23279.28,2026-07-21 15:34:00.367178+02:00
2026-07-21 13:34:20.384121+00:00,36.26,13.12,869.05,13.94,13.0,19.0,19.0,23279.28,349263.16,349263.16,23279.28,2026-07-21 15:34:20.384121+02:00
2026-07-21 13:34:40.392723+00:00,36.3,13.07,869.03,13.94,13.0,19.0,19.0,23279.28,349263.16,349263.16,23279.28,2026-07-21 15:34:40.392723+02:00
2026-07-21 13:35:00.470368+00:00,36.31,13.08,869.02,13.94,13.0,19.0,19.0,23279.28,346614.38,346614.38,23279.28,2026-07-21 15:35:00.470368+02:00
2026-07-21 13:35:20.476195+00:00,36.31,13.1,869.05,13.94,13.0,18.0,18.0,23279.28,349263.16,349263.16,23279.28,2026-07-21 15:35:20.476195+02:00
2026-07-21 13:35:40.480974+00:00,36.29,13.2,869.09,13.94,13.0,18.0,18.0,23279.28,346614.38,346614.38,23279.28,2026-07-21 15:35:40.480974+02:00
2026-07-21 13:36:00.499261+00:00,36.29,13.11,869.02,13.94,13.0,18.0,18.0,23279.28,349263.16,349263.16,23279.28,2026-07-21 15:36:00.499261+02:00
2026-07-21 13:36:20.516865+00:00,36.31,13.2,869.04,13.94,11.0,16.0,16.0,23279.28,349263.16,349263.16,23279.28,2026-07-21 15:36:20.516865+02:00
2026-07-21 13:36:40.611303+00:00,36.32,13.12,869.06,13.94,11.0,16.0,16.0,23279.28,346614.38,346614.38,23279.28,2026-07-21 15:36:40.611303+02:00
2026-07-21 13:37:00.621473+00:00,36.35,13.12,869.04,13.94,11.0,16.0,16.0,23279.28,349263.16,349263.16,23279.28,2026-07-21 15:37:00.621473+02:00
2026-07-21 13:37:20.717860+00:00,36.43,13.07,869.04,13.94,11.0,16.0,16.0,23279.28,349263.16,349263.16,23279.28,2026-07-21 15:37:20.717860+02:00
2026-07-21 13:37:40.817140+00:00,36.41,13.08,869.02,13.94,11.0,16.0,16.0,23279.28,346614.38,346614.38,23279.28,2026-07-21 15:37:40.817140+02:00
2026-07-21 13:38:00.820803+00:00,36.33,13.13,869.04,13.94,11.0,16.0,16.0,23279.28,346614.38,346614.38,23279.28,2026-07-21 15:38:00.820803+02:00
2026-07-21 13:38:20.835629+00:00,36.27,13.11,869.01,13.94,11.0,17.0,17.0,23381.44,349263.16,349263.16,23381.44,2026-07-21 15:38:20.835629+02:00
2026-07-21 13:38:40.842211+00:00,36.22,13.2,869.03,13.94,11.0,17.0,17.0,23381.44,349263.16,349263.16,23381.44,2026-07-21 15:38:40.842211+02:00
2026-07-21 13:39:00.857948+00:00,36.17,13.17,869.03,13.94,11.0,17.0,17.0,23381.44,349263.16,349263.16,23381.44,2026-07-21 15:39:00.857948+02:00
2026-07-21 13:39:20.866825+00:00,36.17,13.2,869.06,13.94,10.0,15.0,15.0,23381.44,349263.16,349263.16,23381.44,2026-07-21 15:39:20.866825+02:00
2026-07-21 13:39:40.868740+00:00,36.17,13.23,869.01,13.94,9.0,14.0,14.0,23381.44,349263.16,349263.16,23381.44,2026-07-21 15:39:40.868740+02:00
2026-07-21 13:40:00.922146+00:00,36.13,13.31,869.02,13.94,9.0,14.0,14.0,23483.87,349263.16,349263.16,23483.87,2026-07-21 15:40:00.922146+02:00
2026-07-21 13:40:20.937177+00:00,36.09,13.32,869.02,13.94,8.0,14.0,14.0,23483.87,349263.16,349263.16,23483.87,2026-07-21 15:40:20.937177+02:00
2026-07-21 13:40:40.953679+00:00,36.09,13.36,869.03,13.94,9.0,15.0,15.0,23483.87,346614.38,346614.38,23483.87,2026-07-21 15:40:40.953679+02:00
2026-07-21 13:41:00.985204+00:00,36.05,13.33,869.02,13.94,9.0,15.0,15.0,23483.87,346614.38,346614.38,23483.87,2026-07-21 15:41:00.985204+02:00
2026-07-21 13:41:20.996801+00:00,36.09,13.34,869.0,13.94,9.0,14.0,14.0,23381.44,344000.0,344000.0,23381.44,2026-07-21 15:41:20.996801+02:00
2026-07-21 13:41:41.005720+00:00,36.15,13.23,869.01,13.94,9.0,14.0,14.0,23483.87,344000.0,344000.0,23483.87,2026-07-21 15:41:41.005720+02:00
2026-07-21 13:42:01.044210+00:00,36.22,13.22,868.99,13.94,9.0,14.0,14.0,23381.44,344000.0,344000.0,23381.44,2026-07-21 15:42:01.044210+02:00
2026-07-21 13:42:21.052757+00:00,36.2,13.27,869.04,13.94,10.0,16.0,16.0,23381.44,344000.0,344000.0,23381.44,2026-07-21 15:42:21.052757+02:00
2026-07-21 13:42:41.064923+00:00,36.24,13.36,869.01,13.94,10.0,15.0,16.0,23381.44,344000.0,344000.0,23381.44,2026-07-21 15:42:41.064923+02:00
2026-07-21 13:43:01.084426+00:00,36.22,13.15,868.97,13.94,9.0,15.0,16.0,23381.44,341419.35,341419.35,23381.44,2026-07-21 15:43:01.084426+02:00
2026-07-21 13:43:21.085396+00:00,36.27,13.2,869.0,13.94,10.0,16.0,17.0,23381.44,344000.0,344000.0,23381.44,2026-07-21 15:43:21.085396+02:00
2026-07-21 13:43:41.183935+00:00,36.27,13.23,868.99,13.94,10.0,17.0,18.0,23381.44,341419.35,341419.35,23381.44,2026-07-21 15:43:41.183935+02:00
2026-07-21 13:44:01.204490+00:00,36.25,13.25,868.98,13.94,11.0,18.0,19.0,23381.44,344000.0,344000.0,23381.44,2026-07-21 15:44:01.204490+02:00
2026-07-21 13:44:21.206537+00:00,36.18,13.29,869.01,13.94,11.0,18.0,19.0,23381.44,344000.0,344000.0,23381.44,2026-07-21 15:44:21.206537+02:00
2026-07-21 13:44:41.219317+00:00,36.21,13.29,868.98,13.94,11.0,19.0,22.0,23381.44,341419.35,341419.35,23381.44,2026-07-21 15:44:41.219317+02:00
2026-07-21 13:45:01.312445+00:00,36.21,13.26,868.95,13.94,11.0,20.0,23.0,23381.44,344000.0,344000.0,23381.44,2026-07-21 15:45:01.312445+02:00
2026-07-21 13:45:21.326193+00:00,36.28,13.22,868.97,13.94,12.0,21.0,24.0,23381.44,344000.0,344000.0,23381.44,2026-07-21 15:45:21.326193+02:00
2026-07-21 13:45:41.424745+00:00,36.2,13.22,869.01,13.94,11.0,21.0,25.0,23381.44,338871.79,338871.79,23381.44,2026-07-21 15:45:41.424745+02:00
2026-07-21 13:46:01.440023+00:00,36.19,13.36,868.99,13.94,11.0,20.0,24.0,23381.44,344000.0,344000.0,23381.44,2026-07-21 15:46:01.440023+02:00
2026-07-21 13:46:21.453240+00:00,36.19,13.33,868.96,13.94,11.0,22.0,25.0,23381.44,341419.35,341419.35,23381.44,2026-07-21 15:46:21.453240+02:00
2026-07-21 13:46:41.468000+00:00,36.16,13.34,869.02,13.94,11.0,22.0,25.0,23381.44,341419.35,341419.35,23381.44,2026-07-21 15:46:41.468000+02:00
2026-07-21 13:47:01.492452+00:00,36.09,13.31,869.01,13.94,11.0,22.0,25.0,23381.44,338871.79,338871.79,23381.44,2026-07-21 15:47:01.492452+02:00
2026-07-21 13:47:21.495925+00:00,36.11,13.29,869.01,13.94,12.0,23.0,27.0,23381.44,341419.35,341419.35,23381.44,2026-07-21 15:47:21.495925+02:00
2026-07-21 13:47:41.593472+00:00,36.14,13.34,868.97,13.94,12.0,23.0,27.0,23483.87,344000.0,344000.0,23483.87,2026-07-21 15:47:41.593472+02:00
2026-07-21 13:48:01.642154+00:00,36.07,13.34,869.0,13.94,12.0,23.0,27.0,23483.87,344000.0,344000.0,23483.87,2026-07-21 15:48:01.642154+02:00
2026-07-21 13:48:21.644212+00:00,36.03,13.44,869.02,13.94,12.0,21.0,26.0,23586.56,341419.35,341419.35,23586.56,2026-07-21 15:48:21.644212+02:00
2026-07-21 13:48:41.661151+00:00,35.93,13.36,868.98,13.94,12.0,21.0,26.0,23689.52,331421.38,331421.38,23689.52,2026-07-21 15:48:41.661151+02:00
2026-07-21 13:49:01.675281+00:00,35.66,13.69,869.0,145.27,12.0,21.0,26.0,23792.75,341419.35,341419.35,23792.75,2026-07-21 15:49:01.675281+02:00
2026-07-21 13:49:21.680364+00:00,35.75,13.44,868.96,145.27,11.0,21.0,26.0,24312.91,319609.76,319609.76,24312.91,2026-07-21 15:49:21.680364+02:00
2026-07-21 13:49:41.687497+00:00,35.9,13.32,868.98,145.27,11.0,21.0,26.0,24628.27,321914.11,321914.11,24628.27,2026-07-21 15:49:41.687497+02:00
2026-07-21 13:50:01.760503+00:00,35.71,13.4,868.97,145.6,11.0,21.0,26.0,24946.12,324246.91,324246.91,24946.12,2026-07-21 15:50:01.760503+02:00
2026-07-21 13:50:21.764691+00:00,35.82,13.37,868.96,145.6,12.0,21.0,26.0,25159.42,324246.91,324246.91,25159.42,2026-07-21 15:50:21.764691+02:00
2026-07-21 13:50:41.864253+00:00,36.05,13.09,869.01,142.94,12.0,21.0,26.0,25481.48,319609.76,319609.76,25481.48,2026-07-21 15:50:41.864253+02:00
2026-07-21 13:51:01.880499+00:00,36.04,12.95,868.99,145.6,12.0,21.0,26.0,25697.61,315084.34,315084.34,25697.61,2026-07-21 15:51:01.880499+02:00
2026-07-21 13:51:21.885955+00:00,35.61,13.23,868.98,142.94,12.0,20.0,23.0,25806.11,315084.34,315084.34,25806.11,2026-07-21 15:51:21.885955+02:00
2026-07-21 13:51:41.895001+00:00,35.54,13.3,869.0,145.6,12.0,20.0,23.0,26023.97,315084.34,315084.34,26023.97,2026-07-21 15:51:41.895001+02:00
2026-07-21 13:52:01.914948+00:00,35.55,13.26,868.97,145.6,12.0,20.0,23.0,26133.33,319609.76,319609.76,26133.33,2026-07-21 15:52:01.914948+02:00
2026-07-21 13:52:21.922353+00:00,35.48,13.32,868.95,142.94,12.0,20.0,22.0,26242.99,319609.76,319609.76,26242.99,2026-07-21 15:52:21.922353+02:00
2026-07-21 13:52:41.925627+00:00,35.47,13.3,868.97,142.94,12.0,20.0,22.0,26352.94,321914.11,321914.11,26352.94,2026-07-21 15:52:41.925627+02:00
2026-07-21 13:53:01.940111+00:00,35.3,13.42,868.99,142.94,12.0,20.0,22.0,26463.19,324246.91,324246.91,26463.19,2026-07-21 15:53:01.940111+02:00
2026-07-21 13:53:21.951138+00:00,35.4,13.34,868.95,142.94,12.0,19.0,22.0,26573.73,319609.76,319609.76,26573.73,2026-07-21 15:53:21.951138+02:00
2026-07-21 13:53:41.956793+00:00,35.5,13.19,868.95,142.94,12.0,19.0,22.0,26795.7,319609.76,319609.76,26795.7,2026-07-21 15:53:41.956793+02:00
2026-07-21 13:54:02.036307+00:00,35.53,13.2,868.95,142.94,12.0,19.0,22.0,26795.7,321914.11,321914.11,26795.7,2026-07-21 15:54:02.036307+02:00
2026-07-21 13:54:22.136103+00:00,35.46,13.16,868.94,142.94,12.0,18.0,20.0,26907.13,319609.76,319609.76,26907.13,2026-07-21 15:54:22.136103+02:00
2026-07-21 13:54:42.229743+00:00,35.36,13.29,868.92,142.94,12.0,18.0,20.0,27018.87,319609.76,319609.76,27018.87,2026-07-21 15:54:42.229743+02:00
2026-07-21 13:55:02.243557+00:00,35.23,13.27,868.89,145.27,12.0,18.0,20.0,27130.9,321914.11,321914.11,27130.9,2026-07-21 15:55:02.243557+02:00
2026-07-21 13:55:22.244024+00:00,35.15,13.33,868.94,142.94,13.0,19.0,20.0,27130.9,321914.11,321914.11,27130.9,2026-07-21 15:55:22.244024+02:00
2026-07-21 13:55:42.250098+00:00,35.11,13.25,868.92,145.27,13.0,19.0,20.0,27355.89,324246.91,324246.91,27355.89,2026-07-21 15:55:42.250098+02:00
2026-07-21 13:56:02.251904+00:00,35.16,13.3,868.95,145.27,13.0,19.0,20.0,27355.89,321914.11,321914.11,27355.89,2026-07-21 15:56:02.251904+02:00
2026-07-21 13:56:22.351019+00:00,35.18,13.28,868.9,145.27,12.0,18.0,20.0,27355.89,324246.91,324246.91,27355.89,2026-07-21 15:56:22.351019+02:00
2026-07-21 13:56:42.352038+00:00,35.21,13.22,868.9,145.27,12.0,18.0,20.0,27468.83,329000.0,329000.0,27468.83,2026-07-21 15:56:42.352038+02:00
2026-07-21 13:57:02.358409+00:00,35.25,13.22,868.91,145.27,12.0,18.0,20.0,27582.09,331421.38,331421.38,27582.09,2026-07-21 15:57:02.358409+02:00
2026-07-21 13:57:22.458123+00:00,35.26,13.05,868.93,145.27,11.0,16.0,17.0,27695.65,336356.69,336356.69,27695.65,2026-07-21 15:57:22.458123+02:00
2026-07-21 13:57:42.551752+00:00,35.17,13.14,868.9,145.27,11.0,16.0,17.0,27695.65,333873.42,333873.42,27695.65,2026-07-21 15:57:42.551752+02:00
2026-07-21 13:58:02.563840+00:00,35.13,13.21,868.92,145.27,11.0,16.0,17.0,27695.65,331421.38,331421.38,27695.65,2026-07-21 15:58:02.563840+02:00
2026-07-21 13:58:22.569662+00:00,35.03,13.26,868.92,145.27,11.0,16.0,17.0,27809.52,336356.69,336356.69,27809.52,2026-07-21 15:58:22.569662+02:00
2026-07-21 13:58:42.667625+00:00,35.09,13.25,868.91,145.27,11.0,16.0,17.0,27809.52,333873.42,333873.42,27809.52,2026-07-21 15:58:42.667625+02:00
2026-07-21 13:59:02.673096+00:00,35.13,13.18,868.88,145.27,11.0,16.0,17.0,27809.52,338871.79,338871.79,27809.52,2026-07-21 15:59:02.673096+02:00
2026-07-21 13:59:22.780621+00:00,35.22,13.09,868.94,145.6,11.0,16.0,17.0,27923.71,336356.69,336356.69,27923.71,2026-07-21 15:59:22.780621+02:00
2026-07-21 13:59:42.784744+00:00,34.86,13.28,868.9,145.27,11.0,16.0,17.0,28153.01,338871.79,338871.79,28153.01,2026-07-21 15:59:42.784744+02:00
2026-07-21 14:00:02.861534+00:00,34.87,13.26,868.93,145.27,11.0,16.0,17.0,28153.01,341419.35,341419.35,28153.01,2026-07-21 16:00:02.861534+02:00
2026-07-21 14:00:22.897944+00:00,34.97,13.21,868.92,145.27,11.0,15.0,16.0,28153.01,346614.38,346614.38,28153.01,2026-07-21 16:00:22.897944+02:00
2026-07-21 14:00:42.934108+00:00,35.1,13.16,868.93,145.6,11.0,15.0,16.0,28153.01,346614.38,346614.38,28153.01,2026-07-21 16:00:42.934108+02:00
2026-07-21 14:01:02.955060+00:00,35.13,13.17,868.91,142.94,11.0,15.0,16.0,28153.01,346614.38,346614.38,28153.01,2026-07-21 16:01:02.955060+02:00
2026-07-21 14:01:22.960662+00:00,35.35,13.08,868.92,142.94,11.0,16.0,17.0,28038.2,341419.35,341419.35,28038.2,2026-07-21 16:01:22.960662+02:00
2026-07-21 14:01:42.968382+00:00,35.68,12.78,868.95,142.94,11.0,16.0,17.0,28038.2,346614.38,346614.38,28038.2,2026-07-21 16:01:42.968382+02:00
2026-07-21 14:02:02.987947+00:00,35.01,13.21,868.91,142.94,11.0,16.0,17.0,28038.2,344000.0,344000.0,28038.2,2026-07-21 16:02:02.987947+02:00
2026-07-21 14:02:22.999200+00:00,35.32,13.06,868.9,159.12,10.0,16.0,17.0,27582.09,344000.0,344000.0,27582.09,2026-07-21 16:02:22.999200+02:00
2026-07-21 14:02:43.010316+00:00,34.78,13.4,868.88,159.12,10.0,16.0,17.0,26907.13,341419.35,341419.35,26907.13,2026-07-21 16:02:43.010316+02:00
2026-07-21 14:03:03.033635+00:00,34.27,13.64,868.88,154.24,10.0,16.0,17.0,26242.99,338871.79,338871.79,26242.99,2026-07-21 16:03:03.033635+02:00
2026-07-21 14:03:23.130773+00:00,33.75,14.54,868.88,159.12,10.0,15.0,16.0,25266.49,341419.35,341419.35,25266.49,2026-07-21 16:03:23.130773+02:00
2026-07-21 14:03:43.147563+00:00,33.49,14.3,868.89,160.0,10.0,15.0,16.0,25266.49,338871.79,338871.79,25266.49,2026-07-21 16:03:43.147563+02:00
2026-07-21 14:04:03.156897+00:00,33.57,15.0,868.92,154.24,10.0,15.0,16.0,24839.9,333873.42,333873.42,24839.9,2026-07-21 16:04:03.156897+02:00
2026-07-21 14:04:23.170422+00:00,33.89,14.96,868.89,154.24,10.0,16.0,17.0,24417.75,331421.38,331421.38,24417.75,2026-07-21 16:04:23.170422+02:00
2026-07-21 14:04:43.266907+00:00,33.68,14.29,868.89,154.24,10.0,16.0,17.0,24417.75,329000.0,329000.0,24417.75,2026-07-21 16:04:43.266907+02:00
2026-07-21 14:05:03.277531+00:00,33.85,14.4,868.89,26.92,10.0,16.0,17.0,25159.42,341419.35,341419.35,25159.42,2026-07-21 16:05:03.277531+02:00
2026-07-21 14:05:23.282094+00:00,34.33,14.06,868.92,28.36,10.0,16.0,17.0,26023.97,357422.82,357422.82,26023.97,2026-07-21 16:05:23.282094+02:00
2026-07-21 14:05:43.379048+00:00,34.68,13.45,868.9,28.36,10.0,16.0,17.0,26795.7,354666.67,354666.67,26795.7,2026-07-21 16:05:43.379048+02:00
2026-07-21 14:06:03.401806+00:00,34.74,13.46,868.89,28.36,10.0,16.0,17.0,27355.89,349263.16,349263.16,27355.89,2026-07-21 16:06:03.401806+02:00
2026-07-21 14:06:23.406827+00:00,34.76,13.49,868.9,28.36,10.0,16.0,16.0,27582.09,360216.22,360216.22,27582.09,2026-07-21 16:06:23.406827+02:00
2026-07-21 14:06:43.406297+00:00,35.07,13.13,868.91,28.36,10.0,16.0,16.0,27809.52,363047.62,363047.62,27809.52,2026-07-21 16:06:43.406297+02:00
2026-07-21 14:07:03.427549+00:00,35.13,13.19,868.91,28.36,10.0,16.0,16.0,27923.71,363047.62,363047.62,27923.71,2026-07-21 16:07:03.427549+02:00
2026-07-21 14:07:23.428697+00:00,35.1,13.2,868.9,28.36,10.0,16.0,16.0,28038.2,363047.62,363047.62,28038.2,2026-07-21 16:07:23.428697+02:00
2026-07-21 14:07:43.527943+00:00,34.74,13.47,868.88,28.36,10.0,16.0,16.0,27923.71,357422.82,357422.82,27923.71,2026-07-21 16:07:43.527943+02:00
2026-07-21 14:08:03.544353+00:00,34.75,13.47,868.89,28.36,10.0,16.0,16.0,28038.2,357422.82,357422.82,28038.2,2026-07-21 16:08:03.544353+02:00
2026-07-21 14:08:23.554739+00:00,35.06,13.38,868.91,28.36,11.0,16.0,16.0,28038.2,354666.67,354666.67,28038.2,2026-07-21 16:08:23.554739+02:00
2026-07-21 14:08:43.558777+00:00,35.08,13.32,868.9,28.36,11.0,16.0,16.0,27923.71,351947.02,351947.02,27923.71,2026-07-21 16:08:43.558777+02:00
2026-07-21 14:09:03.570599+00:00,35.0,13.47,868.88,28.36,11.0,16.0,16.0,27809.52,346614.38,346614.38,27809.52,2026-07-21 16:09:03.570599+02:00
2026-07-21 14:09:23.669828+00:00,35.22,13.25,868.85,28.36,10.0,16.0,16.0,27809.52,349263.16,349263.16,27809.52,2026-07-21 16:09:23.669828+02:00
2026-07-21 14:09:43.672233+00:00,35.24,13.23,868.88,28.36,10.0,16.0,16.0,27809.52,349263.16,349263.16,27809.52,2026-07-21 16:09:43.672233+02:00
2026-07-21 14:10:03.754820+00:00,35.08,13.45,868.91,28.36,10.0,16.0,16.0,27695.65,344000.0,344000.0,27695.65,2026-07-21 16:10:03.754820+02:00
2026-07-21 14:10:23.854660+00:00,35.04,13.43,868.9,28.36,10.0,16.0,16.0,27695.65,346614.38,346614.38,27695.65,2026-07-21 16:10:23.854660+02:00
2026-07-21 14:10:43.855202+00:00,35.22,13.34,868.87,28.36,10.0,16.0,16.0,27695.65,351947.02,351947.02,27695.65,2026-07-21 16:10:43.855202+02:00
2026-07-21 14:11:03.869746+00:00,35.31,13.23,868.89,28.36,10.0,16.0,16.0,27695.65,349263.16,349263.16,27695.65,2026-07-21 16:11:03.869746+02:00
2026-07-21 14:11:23.968082+00:00,35.46,13.15,868.89,28.36,10.0,16.0,16.0,27809.52,349263.16,349263.16,27809.52,2026-07-21 16:11:23.968082+02:00
2026-07-21 14:11:44.063905+00:00,35.66,12.99,868.86,28.36,10.0,16.0,16.0,27809.52,351947.02,351947.02,27809.52,2026-07-21 16:11:44.063905+02:00
2026-07-21 14:12:04.080505+00:00,35.85,12.84,868.91,28.36,10.0,16.0,16.0,27809.52,349263.16,349263.16,27809.52,2026-07-21 16:12:04.080505+02:00
2026-07-21 14:12:24.083971+00:00,35.68,13.02,868.9,28.36,10.0,16.0,16.0,27809.52,349263.16,349263.16,27809.52,2026-07-21 16:12:24.083971+02:00
2026-07-21 14:12:44.093348+00:00,35.54,13.11,868.93,28.36,10.0,16.0,16.0,27809.52,349263.16,349263.16,27809.52,2026-07-21 16:12:44.093348+02:00
2026-07-21 14:13:04.110535+00:00,35.51,13.17,868.87,28.36,10.0,16.0,16.0,27695.65,346614.38,346614.38,27695.65,2026-07-21 16:13:04.110535+02:00
2026-07-21 14:13:24.111351+00:00,35.53,13.12,868.9,28.36,10.0,16.0,16.0,27695.65,346614.38,346614.38,27695.65,2026-07-21 16:13:24.111351+02:00
2026-07-21 14:13:44.112270+00:00,35.43,13.2,868.87,28.36,10.0,16.0,16.0,27695.65,346614.38,346614.38,27695.65,2026-07-21 16:13:44.112270+02:00
2026-07-21 14:14:04.119937+00:00,35.49,13.03,868.89,28.36,10.0,16.0,16.0,27923.71,351947.02,351947.02,27923.71,2026-07-21 16:14:04.119937+02:00
2026-07-21 14:14:24.219480+00:00,35.44,13.22,868.87,28.36,11.0,17.0,17.0,27695.65,346614.38,346614.38,27695.65,2026-07-21 16:14:24.219480+02:00
2026-07-21 14:14:44.313553+00:00,35.6,13.1,868.9,28.36,11.0,17.0,17.0,27695.65,346614.38,346614.38,27695.65,2026-07-21 16:14:44.313553+02:00
2026-07-21 14:15:04.397994+00:00,35.56,13.13,868.86,28.36,11.0,17.0,17.0,27695.65,346614.38,346614.38,27695.65,2026-07-21 16:15:04.397994+02:00
2026-07-21 14:15:24.425405+00:00,35.48,13.15,868.86,28.36,11.0,16.0,16.0,27695.65,344000.0,344000.0,27695.65,2026-07-21 16:15:24.425405+02:00
2026-07-21 14:15:44.522036+00:00,35.59,13.1,868.91,28.36,11.0,16.0,16.0,27695.65,346614.38,346614.38,27695.65,2026-07-21 16:15:44.522036+02:00
2026-07-21 14:16:04.527937+00:00,35.61,13.03,868.9,28.36,11.0,16.0,16.0,27695.65,351947.02,351947.02,27695.65,2026-07-21 16:16:04.527937+02:00
2026-07-21 14:16:24.548699+00:00,35.7,12.96,868.87,28.36,11.0,17.0,17.0,27809.52,349263.16,349263.16,27809.52,2026-07-21 16:16:24.548699+02:00
2026-07-21 14:16:44.552735+00:00,35.88,12.85,868.91,28.36,11.0,17.0,17.0,27809.52,349263.16,349263.16,27809.52,2026-07-21 16:16:44.552735+02:00
2026-07-21 14:17:04.557414+00:00,35.91,12.79,868.87,28.36,11.0,17.0,17.0,27923.71,351947.02,351947.02,27923.71,2026-07-21 16:17:04.557414+02:00
2026-07-21 14:17:24.565878+00:00,35.99,12.79,868.88,28.36,11.0,17.0,17.0,27809.52,346614.38,346614.38,27809.52,2026-07-21 16:17:24.565878+02:00
2026-07-21 14:17:44.665810+00:00,35.91,12.74,868.91,28.36,11.0,17.0,17.0,27809.52,346614.38,346614.38,27809.52,2026-07-21 16:17:44.665810+02:00
2026-07-21 14:18:04.701036+00:00,36.11,12.69,868.93,28.36,11.0,17.0,17.0,27809.52,349263.16,349263.16,27809.52,2026-07-21 16:18:04.701036+02:00
2026-07-21 14:18:24.717783+00:00,36.07,12.65,868.94,28.36,11.0,16.0,16.0,27809.52,346614.38,346614.38,27809.52,2026-07-21 16:18:24.717783+02:00
2026-07-21 14:18:44.747458+00:00,36.15,12.63,868.91,28.36,11.0,16.0,16.0,27809.52,351947.02,351947.02,27809.52,2026-07-21 16:18:44.747458+02:00
2026-07-21 14:19:04.752590+00:00,36.29,12.56,868.89,28.7,11.0,16.0,16.0,27923.71,349263.16,349263.16,27923.71,2026-07-21 16:19:04.752590+02:00
2026-07-21 14:19:24.754374+00:00,36.3,12.51,868.89,28.36,11.0,17.0,17.0,27923.71,349263.16,349263.16,27923.71,2026-07-21 16:19:24.754374+02:00
2026-07-21 14:19:44.854514+00:00,36.06,12.58,868.92,28.7,11.0,17.0,17.0,27923.71,349263.16,349263.16,27923.71,2026-07-21 16:19:44.854514+02:00
2026-07-21 14:20:04.890105+00:00,36.18,12.53,868.95,28.36,11.0,17.0,17.0,28038.2,351947.02,351947.02,28038.2,2026-07-21 16:20:04.890105+02:00
2026-07-21 14:20:24.896386+00:00,36.15,12.5,868.91,28.36,11.0,17.0,17.0,28153.01,351947.02,351947.02,28153.01,2026-07-21 16:20:24.896386+02:00
2026-07-21 14:20:44.902477+00:00,35.7,12.92,868.9,28.7,11.0,17.0,17.0,27923.71,349263.16,349263.16,27923.71,2026-07-21 16:20:44.902477+02:00
2026-07-21 14:21:04.916863+00:00,35.86,12.82,868.9,27.81,11.0,17.0,17.0,27923.71,349263.16,349263.16,27923.71,2026-07-21 16:21:04.916863+02:00
2026-07-21 14:21:24.935645+00:00,35.83,12.89,868.88,27.81,11.0,16.0,16.0,27923.71,349263.16,349263.16,27923.71,2026-07-21 16:21:24.935645+02:00
2026-07-21 14:21:44.947802+00:00,35.67,12.9,868.89,27.81,11.0,16.0,16.0,28038.2,351947.02,351947.02,28038.2,2026-07-21 16:21:44.947802+02:00
2026-07-21 14:22:05.044328+00:00,35.95,12.78,868.92,28.7,11.0,16.0,16.0,28038.2,351947.02,351947.02,28038.2,2026-07-21 16:22:05.044328+02:00
2026-07-21 14:22:25.071290+00:00,35.87,12.83,868.86,27.81,10.0,16.0,16.0,28038.2,349263.16,349263.16,28038.2,2026-07-21 16:22:25.071290+02:00
2026-07-21 14:22:45.079401+00:00,36.07,12.66,868.92,27.81,10.0,16.0,16.0,28038.2,351947.02,351947.02,28038.2,2026-07-21 16:22:45.079401+02:00
2026-07-21 14:23:05.176710+00:00,36.22,12.62,868.87,27.81,10.0,16.0,16.0,27923.71,349263.16,349263.16,27923.71,2026-07-21 16:23:05.176710+02:00
2026-07-21 14:23:25.192902+00:00,35.98,12.73,868.86,27.81,10.0,16.0,17.0,27809.52,349263.16,349263.16,27809.52,2026-07-21 16:23:25.192902+02:00
2026-07-21 14:23:45.204177+00:00,35.77,12.9,868.85,27.81,10.0,16.0,17.0,27809.52,349263.16,349263.16,27809.52,2026-07-21 16:23:45.204177+02:00
2026-07-21 14:24:05.209513+00:00,36.29,12.62,868.87,27.81,10.0,16.0,17.0,27809.52,346614.38,346614.38,27809.52,2026-07-21 16:24:05.209513+02:00
2026-07-21 14:24:25.228901+00:00,35.84,12.88,868.89,27.81,8.0,14.0,15.0,27809.52,346614.38,346614.38,27809.52,2026-07-21 16:24:25.228901+02:00
2026-07-21 14:24:45.230290+00:00,35.99,12.86,868.88,27.81,8.0,14.0,15.0,27695.65,349263.16,349263.16,27695.65,2026-07-21 16:24:45.230290+02:00
2026-07-21 14:25:05.242655+00:00,36.21,12.63,868.89,27.81,8.0,14.0,15.0,27695.65,346614.38,346614.38,27695.65,2026-07-21 16:25:05.242655+02:00
2026-07-21 14:25:25.319634+00:00,36.03,12.82,868.9,27.81,10.0,15.0,17.0,27695.65,346614.38,346614.38,27695.65,2026-07-21 16:25:25.319634+02:00
2026-07-21 14:25:45.324651+00:00,35.86,12.93,868.89,27.81,10.0,15.0,17.0,27582.09,346614.38,346614.38,27582.09,2026-07-21 16:25:45.324651+02:00
2026-07-21 14:26:05.335976+00:00,35.81,12.97,868.89,27.81,10.0,15.0,17.0,27582.09,346614.38,346614.38,27582.09,2026-07-21 16:26:05.335976+02:00
2026-07-21 14:26:25.368418+00:00,35.97,12.87,868.9,27.81,10.0,15.0,17.0,27695.65,349263.16,349263.16,27695.65,2026-07-21 16:26:25.368418+02:00
2026-07-21 14:26:45.465678+00:00,35.9,12.94,868.91,27.81,10.0,15.0,17.0,27695.65,346614.38,346614.38,27695.65,2026-07-21 16:26:45.465678+02:00
2026-07-21 14:27:05.561546+00:00,35.71,13.02,868.89,27.81,10.0,15.0,17.0,27695.65,346614.38,346614.38,27695.65,2026-07-21 16:27:05.561546+02:00
2026-07-21 14:27:25.644922+00:00,35.79,12.95,868.92,27.81,10.0,16.0,17.0,27695.65,349263.16,349263.16,27695.65,2026-07-21 16:27:25.644922+02:00
2026-07-21 14:27:45.650420+00:00,36.27,12.68,868.92,27.81,10.0,16.0,17.0,27695.65,349263.16,349263.16,27695.65,2026-07-21 16:27:45.650420+02:00
2026-07-21 14:28:05.662474+00:00,36.13,12.76,868.93,27.81,10.0,16.0,17.0,27695.65,349263.16,349263.16,27695.65,2026-07-21 16:28:05.662474+02:00
2026-07-21 14:28:25.761932+00:00,36.01,12.83,868.93,27.81,11.0,16.0,18.0,27582.09,346614.38,346614.38,27582.09,2026-07-21 16:28:25.761932+02:00
2026-07-21 14:28:45.794854+00:00,36.09,12.78,868.94,27.81,10.0,15.0,17.0,27695.65,349263.16,349263.16,27695.65,2026-07-21 16:28:45.794854+02:00
2026-07-21 14:29:05.806837+00:00,36.07,12.75,868.94,27.81,10.0,15.0,17.0,27809.52,349263.16,349263.16,27809.52,2026-07-21 16:29:05.806837+02:00
2026-07-21 14:29:25.814064+00:00,36.24,12.66,868.95,27.81,10.0,15.0,17.0,27809.52,349263.16,349263.16,27809.52,2026-07-21 16:29:25.814064+02:00
2026-07-21 14:29:45.816255+00:00,36.19,12.62,868.89,27.81,10.0,15.0,17.0,27923.71,351947.02,351947.02,27923.71,2026-07-21 16:29:45.816255+02:00
2026-07-21 14:30:05.827661+00:00,36.2,12.71,868.9,27.81,11.0,16.0,18.0,27923.71,351947.02,351947.02,27923.71,2026-07-21 16:30:05.827661+02:00
2026-07-21 14:30:25.856206+00:00,36.19,12.56,868.93,27.81,11.0,15.0,17.0,28038.2,357422.82,357422.82,28038.2,2026-07-21 16:30:25.856206+02:00
2026-07-21 14:30:45.860552+00:00,36.09,12.64,868.95,27.81,11.0,15.0,17.0,28153.01,354666.67,354666.67,28153.01,2026-07-21 16:30:45.860552+02:00
2026-07-21 14:31:05.861462+00:00,36.19,12.63,868.92,27.81,10.0,14.0,16.0,28153.01,354666.67,354666.67,28153.01,2026-07-21 16:31:05.861462+02:00
2026-07-21 14:31:25.869808+00:00,35.94,12.75,868.91,27.81,10.0,15.0,17.0,28268.13,354666.67,354666.67,28268.13,2026-07-21 16:31:25.869808+02:00
2026-07-21 14:31:45.878534+00:00,36.28,12.82,868.92,27.81,10.0,15.0,17.0,28153.01,354666.67,354666.67,28153.01,2026-07-21 16:31:45.878534+02:00
2026-07-21 14:32:05.889277+00:00,35.93,12.76,868.93,27.81,10.0,15.0,17.0,28153.01,354666.67,354666.67,28153.01,2026-07-21 16:32:05.889277+02:00
2026-07-21 14:32:25.905965+00:00,35.94,12.64,868.96,27.81,11.0,16.0,17.0,28268.13,354666.67,354666.67,28268.13,2026-07-21 16:32:25.905965+02:00
2026-07-21 14:32:46.004936+00:00,36.22,12.64,868.91,27.81,11.0,16.0,17.0,28268.13,354666.67,354666.67,28268.13,2026-07-21 16:32:46.004936+02:00
2026-07-21 14:33:06.103256+00:00,36.23,12.63,868.94,27.81,11.0,16.0,17.0,28153.01,354666.67,354666.67,28153.01,2026-07-21 16:33:06.103256+02:00
2026-07-21 14:33:26.130932+00:00,36.37,12.58,868.92,27.81,10.0,14.0,14.0,28153.01,351947.02,351947.02,28153.01,2026-07-21 16:33:26.130932+02:00
2026-07-21 14:33:46.132832+00:00,36.01,12.8,868.96,27.81,10.0,14.0,14.0,28038.2,349263.16,349263.16,28038.2,2026-07-21 16:33:46.132832+02:00
2026-07-21 14:34:06.144759+00:00,35.9,12.92,868.96,27.81,10.0,14.0,14.0,28038.2,349263.16,349263.16,28038.2,2026-07-21 16:34:06.144759+02:00
2026-07-21 14:34:26.146247+00:00,35.93,12.97,868.94,27.81,10.0,15.0,16.0,27923.71,349263.16,349263.16,27923.71,2026-07-21 16:34:26.146247+02:00
2026-07-21 14:34:46.159481+00:00,35.69,13.04,868.95,27.81,10.0,15.0,16.0,28038.2,349263.16,349263.16,28038.2,2026-07-21 16:34:46.159481+02:00
2026-07-21 14:35:06.179546+00:00,35.49,13.2,868.94,27.81,10.0,15.0,16.0,27923.71,349263.16,349263.16,27923.71,2026-07-21 16:35:06.179546+02:00
2026-07-21 14:35:26.258889+00:00,36.01,12.92,868.96,27.81,9.0,14.0,15.0,27923.71,349263.16,349263.16,27923.71,2026-07-21 16:35:26.258889+02:00
2026-07-21 14:35:46.271800+00:00,36.29,12.7,868.93,27.81,10.0,15.0,16.0,28038.2,351947.02,351947.02,28038.2,2026-07-21 16:35:46.271800+02:00
2026-07-21 14:36:06.291072+00:00,35.92,12.92,868.92,27.81,10.0,15.0,16.0,27923.71,351947.02,351947.02,27923.71,2026-07-21 16:36:06.291072+02:00
2026-07-21 14:36:26.293955+00:00,35.98,12.89,869.0,27.81,10.0,15.0,15.0,27923.71,351947.02,351947.02,27923.71,2026-07-21 16:36:26.293955+02:00
2026-07-21 14:36:46.389058+00:00,35.87,12.88,868.98,27.81,10.0,15.0,15.0,27923.71,349263.16,349263.16,27923.71,2026-07-21 16:36:46.389058+02:00
2026-07-21 14:37:06.392240+00:00,36.15,12.73,869.0,27.81,10.0,15.0,15.0,27923.71,351947.02,351947.02,27923.71,2026-07-21 16:37:06.392240+02:00
2026-07-21 14:37:26.413076+00:00,35.87,12.96,868.97,27.81,9.0,15.0,15.0,27923.71,351947.02,351947.02,27923.71,2026-07-21 16:37:26.413076+02:00
2026-07-21 14:37:46.419473+00:00,35.8,13.15,868.95,27.81,9.0,15.0,15.0,27923.71,351947.02,351947.02,27923.71,2026-07-21 16:37:46.419473+02:00
2026-07-21 14:38:06.442244+00:00,36.06,12.83,868.94,27.81,9.0,15.0,15.0,27923.71,354666.67,354666.67,27923.71,2026-07-21 16:38:06.442244+02:00
2026-07-21 14:38:26.468071+00:00,35.94,12.93,868.96,27.81,9.0,14.0,14.0,27923.71,351947.02,351947.02,27923.71,2026-07-21 16:38:26.468071+02:00
2026-07-21 14:38:46.470644+00:00,36.01,12.84,868.97,27.81,9.0,14.0,14.0,27923.71,351947.02,351947.02,27923.71,2026-07-21 16:38:46.470644+02:00
2026-07-21 14:39:06.475142+00:00,35.84,12.98,868.94,27.81,9.0,14.0,14.0,27923.71,351947.02,351947.02,27923.71,2026-07-21 16:39:06.475142+02:00
2026-07-21 14:39:26.475905+00:00,35.81,12.98,868.95,27.81,9.0,14.0,15.0,27923.71,351947.02,351947.02,27923.71,2026-07-21 16:39:26.475905+02:00
2026-07-21 14:39:46.483923+00:00,35.98,12.92,868.95,27.81,9.0,14.0,15.0,27923.71,351947.02,351947.02,27923.71,2026-07-21 16:39:46.483923+02:00
2026-07-21 14:40:06.487401+00:00,35.79,12.91,868.99,27.81,9.0,14.0,15.0,28153.01,351947.02,351947.02,28153.01,2026-07-21 16:40:06.487401+02:00
2026-07-21 14:40:26.508304+00:00,35.67,13.05,869.02,27.81,9.0,14.0,16.0,28038.2,351947.02,351947.02,28038.2,2026-07-21 16:40:26.508304+02:00
2026-07-21 14:40:46.523134+00:00,35.54,13.15,868.97,27.81,9.0,14.0,16.0,28038.2,351947.02,351947.02,28038.2,2026-07-21 16:40:46.523134+02:00
2026-07-21 14:41:06.619643+00:00,35.64,13.14,868.97,27.81,9.0,14.0,16.0,27923.71,351947.02,351947.02,27923.71,2026-07-21 16:41:06.619643+02:00
2026-07-21 14:41:26.699051+00:00,35.98,12.91,868.94,27.81,9.0,14.0,15.0,27923.71,351947.02,351947.02,27923.71,2026-07-21 16:41:26.699051+02:00
2026-07-21 14:41:46.707038+00:00,36.08,12.83,869.01,27.81,9.0,14.0,15.0,27923.71,351947.02,351947.02,27923.71,2026-07-21 16:41:46.707038+02:00
2026-07-21 14:42:06.714013+00:00,35.93,12.98,868.95,27.81,9.0,14.0,15.0,27923.71,351947.02,351947.02,27923.71,2026-07-21 16:42:06.714013+02:00
2026-07-21 14:42:26.735520+00:00,36.33,12.76,868.98,26.92,9.0,14.0,16.0,27923.71,351947.02,351947.02,27923.71,2026-07-21 16:42:26.735520+02:00
2026-07-21 14:42:46.739395+00:00,36.52,12.54,868.95,27.81,9.0,14.0,16.0,28153.01,363047.62,363047.62,28153.01,2026-07-21 16:42:46.739395+02:00
2026-07-21 14:43:06.746081+00:00,36.55,12.4,868.99,26.92,9.0,14.0,16.0,28383.56,363047.62,363047.62,28383.56,2026-07-21 16:43:06.746081+02:00
2026-07-21 14:43:26.767288+00:00,36.45,12.37,868.97,26.92,10.0,15.0,16.0,28499.31,365917.81,365917.81,28499.31,2026-07-21 16:43:26.767288+02:00
2026-07-21 14:43:46.769682+00:00,36.29,12.37,868.97,26.92,10.0,15.0,16.0,28731.77,363047.62,363047.62,28731.77,2026-07-21 16:43:46.769682+02:00
2026-07-21 14:44:06.830371+00:00,36.58,12.35,869.02,26.92,10.0,15.0,16.0,28499.31,363047.62,363047.62,28499.31,2026-07-21 16:44:06.830371+02:00
2026-07-21 14:44:26.840377+00:00,36.32,12.46,869.0,26.92,10.0,14.0,14.0,28499.31,360216.22,360216.22,28499.31,2026-07-21 16:44:26.840377+02:00
2026-07-21 14:44:46.935446+00:00,36.53,12.47,869.0,26.92,10.0,14.0,14.0,28383.56,360216.22,360216.22,28383.56,2026-07-21 16:44:46.935446+02:00
2026-07-21 14:45:07.027629+00:00,36.41,12.46,869.02,26.92,10.0,14.0,14.0,28268.13,357422.82,357422.82,28268.13,2026-07-21 16:45:07.027629+02:00
2026-07-21 14:45:27.110860+00:00,36.3,12.6,868.98,26.92,10.0,14.0,15.0,28383.56,357422.82,357422.82,28383.56,2026-07-21 16:45:27.110860+02:00
2026-07-21 14:45:47.120726+00:00,36.55,12.43,868.98,26.92,10.0,14.0,15.0,28383.56,357422.82,357422.82,28383.56,2026-07-21 16:45:47.120726+02:00
2026-07-21 14:46:07.123702+00:00,36.35,12.62,869.01,26.92,10.0,14.0,15.0,28383.56,357422.82,357422.82,28383.56,2026-07-21 16:46:07.123702+02:00
2026-07-21 14:46:27.134641+00:00,36.55,12.35,868.98,26.92,11.0,15.0,16.0,28499.31,360216.22,360216.22,28499.31,2026-07-21 16:46:27.134641+02:00
2026-07-21 14:46:47.197297+00:00,36.19,12.63,869.02,26.92,11.0,15.0,16.0,28383.56,357422.82,357422.82,28383.56,2026-07-21 16:46:47.197297+02:00
2026-07-21 14:47:07.210106+00:00,36.03,12.8,869.0,26.92,11.0,15.0,16.0,28268.13,357422.82,357422.82,28268.13,2026-07-21 16:47:07.210106+02:00
2026-07-21 14:47:27.227238+00:00,36.27,12.73,869.02,26.92,11.0,14.0,15.0,28268.13,357422.82,357422.82,28268.13,2026-07-21 16:47:27.227238+02:00
2026-07-21 14:47:47.326775+00:00,36.0,12.77,869.05,26.92,11.0,14.0,15.0,28383.56,357422.82,357422.82,28383.56,2026-07-21 16:47:47.326775+02:00
2026-07-21 14:48:07.337508+00:00,35.99,12.84,869.04,26.92,11.0,14.0,15.0,28268.13,357422.82,357422.82,28268.13,2026-07-21 16:48:07.337508+02:00
2026-07-21 14:48:27.353038+00:00,36.32,12.65,869.02,26.92,12.0,15.0,17.0,28268.13,357422.82,357422.82,28268.13,2026-07-21 16:48:27.353038+02:00
2026-07-21 14:48:47.358751+00:00,36.21,12.72,869.01,26.92,12.0,15.0,17.0,28268.13,354666.67,354666.67,28268.13,2026-07-21 16:48:47.358751+02:00
2026-07-21 14:49:07.455326+00:00,36.27,12.67,868.99,26.92,12.0,15.0,17.0,28153.01,357422.82,357422.82,28153.01,2026-07-21 16:49:07.455326+02:00
2026-07-21 14:49:27.502852+00:00,35.99,12.85,869.02,26.92,11.0,14.0,16.0,28153.01,354666.67,354666.67,28153.01,2026-07-21 16:49:27.502852+02:00
2026-07-21 14:49:47.598254+00:00,36.0,12.82,869.08,26.92,11.0,14.0,16.0,28153.01,357422.82,357422.82,28153.01,2026-07-21 16:49:47.598254+02:00
2026-07-21 14:50:07.693917+00:00,35.97,12.91,869.05,26.92,11.0,14.0,16.0,28153.01,357422.82,357422.82,28153.01,2026-07-21 16:50:07.693917+02:00
2026-07-21 14:50:27.714716+00:00,36.19,12.74,869.05,26.92,11.0,15.0,16.0,28153.01,354666.67,354666.67,28153.01,2026-07-21 16:50:27.714716+02:00
2026-07-21 14:50:47.811495+00:00,35.98,12.92,869.04,26.92,12.0,16.0,17.0,28153.01,354666.67,354666.67,28153.01,2026-07-21 16:50:47.811495+02:00
2026-07-21 14:51:07.821344+00:00,36.19,12.78,869.06,26.92,12.0,16.0,17.0,28153.01,357422.82,357422.82,28153.01,2026-07-21 16:51:07.821344+02:00
2026-07-21 14:51:27.821648+00:00,35.94,12.89,869.03,26.92,12.0,16.0,18.0,28153.01,354666.67,354666.67,28153.01,2026-07-21 16:51:27.821648+02:00
2026-07-21 14:51:47.920077+00:00,35.73,13.02,869.03,26.92,12.0,16.0,18.0,28153.01,354666.67,354666.67,28153.01,2026-07-21 16:51:47.920077+02:00
2026-07-21 14:52:07.947391+00:00,36.2,12.69,869.09,27.26,12.0,16.0,18.0,28268.13,360216.22,360216.22,28268.13,2026-07-21 16:52:07.947391+02:00
2026-07-21 14:52:27.967244+00:00,35.95,12.82,869.07,27.26,12.0,16.0,18.0,28383.56,357422.82,357422.82,28383.56,2026-07-21 16:52:27.967244+02:00
2026-07-21 14:52:47.984697+00:00,35.9,12.86,869.09,27.26,12.0,16.0,18.0,28383.56,357422.82,357422.82,28383.56,2026-07-21 16:52:47.984697+02:00
2026-07-21 14:53:07.998782+00:00,35.78,12.97,869.08,27.26,11.0,15.0,17.0,28268.13,357422.82,357422.82,28268.13,2026-07-21 16:53:07.998782+02:00
2026-07-21 14:53:28.023809+00:00,36.09,12.87,869.09,27.26,11.0,16.0,18.0,28268.13,357422.82,357422.82,28268.13,2026-07-21 16:53:28.023809+02:00
2026-07-21 14:53:48.120109+00:00,36.14,12.77,869.1,27.26,11.0,16.0,18.0,28268.13,357422.82,357422.82,28268.13,2026-07-21 16:53:48.120109+02:00
2026-07-21 14:54:08.120565+00:00,36.22,12.72,869.08,27.26,12.0,17.0,19.0,28268.13,357422.82,357422.82,28268.13,2026-07-21 16:54:08.120565+02:00
2026-07-21 14:54:28.134731+00:00,36.35,12.73,869.08,27.26,12.0,18.0,20.0,28268.13,357422.82,357422.82,28268.13,2026-07-21 16:54:28.134731+02:00
2026-07-21 14:54:48.152007+00:00,36.42,12.65,869.07,27.26,12.0,18.0,20.0,28268.13,357422.82,357422.82,28268.13,2026-07-21 16:54:48.152007+02:00
2026-07-21 14:55:08.165719+00:00,36.35,12.73,869.09,27.26,12.0,18.0,20.0,28268.13,357422.82,357422.82,28268.13,2026-07-21 16:55:08.165719+02:00
2026-07-21 14:55:28.198407+00:00,36.64,12.48,869.06,27.26,11.0,17.0,18.0,28383.56,363047.62,363047.62,28383.56,2026-07-21 16:55:28.198407+02:00
2026-07-21 14:55:48.296885+00:00,36.54,12.52,869.08,27.26,11.0,17.0,18.0,28499.31,357422.82,357422.82,28499.31,2026-07-21 16:55:48.296885+02:00
2026-07-21 14:56:08.298479+00:00,36.7,12.43,869.1,27.26,11.0,17.0,18.0,28499.31,360216.22,360216.22,28499.31,2026-07-21 16:56:08.298479+02:00
2026-07-21 14:56:28.313309+00:00,36.5,12.52,869.08,27.26,10.0,16.0,18.0,28499.31,357422.82,357422.82,28499.31,2026-07-21 16:56:28.313309+02:00
2026-07-21 14:56:48.319239+00:00,36.32,12.64,869.08,27.26,10.0,16.0,18.0,28499.31,357422.82,357422.82,28499.31,2026-07-21 16:56:48.319239+02:00
2026-07-21 14:57:08.330240+00:00,36.33,12.73,869.1,27.26,10.0,16.0,18.0,28383.56,360216.22,360216.22,28383.56,2026-07-21 16:57:08.330240+02:00
2026-07-21 14:57:28.348435+00:00,36.22,12.72,869.09,27.26,10.0,17.0,18.0,28499.31,357422.82,357422.82,28499.31,2026-07-21 16:57:28.348435+02:00
2026-07-21 14:57:48.356649+00:00,36.23,12.72,869.13,27.26,11.0,18.0,19.0,28383.56,357422.82,357422.82,28383.56,2026-07-21 16:57:48.356649+02:00
2026-07-21 14:58:08.362979+00:00,36.07,12.87,869.08,27.26,11.0,18.0,19.0,28383.56,357422.82,357422.82,28383.56,2026-07-21 16:58:08.362979+02:00
2026-07-21 14:58:28.368040+00:00,36.07,12.85,869.13,27.26,11.0,16.0,18.0,28383.56,357422.82,357422.82,28383.56,2026-07-21 16:58:28.368040+02:00
2026-07-21 14:58:48.369623+00:00,36.38,12.82,869.11,27.26,10.0,15.0,17.0,28268.13,357422.82,357422.82,28268.13,2026-07-21 16:58:48.369623+02:00
2026-07-21 14:59:08.380541+00:00,36.4,12.72,869.1,27.26,10.0,15.0,17.0,28268.13,357422.82,357422.82,28268.13,2026-07-21 16:59:08.380541+02:00
2026-07-21 14:59:28.381560+00:00,36.16,12.88,869.1,27.26,10.0,15.0,16.0,28268.13,357422.82,357422.82,28268.13,2026-07-21 16:59:28.381560+02:00
2026-07-21 14:59:48.478396+00:00,35.99,12.95,869.09,27.26,10.0,15.0,16.0,28268.13,357422.82,357422.82,28268.13,2026-07-21 16:59:48.478396+02:00
2026-07-21 15:00:08.572103+00:00,36.18,12.8,869.13,27.26,10.0,15.0,16.0,28268.13,360216.22,360216.22,28268.13,2026-07-21 17:00:08.572103+02:00
2026-07-21 15:00:28.584716+00:00,36.13,12.87,869.12,27.26,9.0,15.0,16.0,28383.56,357422.82,357422.82,28383.56,2026-07-21 17:00:28.584716+02:00
2026-07-21 15:00:48.591293+00:00,35.98,12.96,869.13,27.26,9.0,15.0,16.0,28268.13,357422.82,357422.82,28268.13,2026-07-21 17:00:48.591293+02:00
2026-07-21 15:01:08.592979+00:00,36.0,12.98,869.14,27.26,9.0,15.0,16.0,28268.13,357422.82,357422.82,28268.13,2026-07-21 17:01:08.592979+02:00
2026-07-21 15:01:28.608121+00:00,36.14,12.91,869.12,27.26,9.0,14.0,17.0,28268.13,360216.22,360216.22,28268.13,2026-07-21 17:01:28.608121+02:00
2026-07-21 15:01:48.608762+00:00,35.76,13.13,869.13,27.26,9.0,14.0,17.0,28268.13,357422.82,357422.82,28268.13,2026-07-21 17:01:48.608762+02:00
2026-07-21 15:02:08.708494+00:00,36.04,12.97,869.13,27.26,9.0,14.0,17.0,28268.13,357422.82,357422.82,28268.13,2026-07-21 17:02:08.708494+02:00
2026-07-21 15:02:28.743399+00:00,35.97,12.97,869.19,27.26,9.0,14.0,16.0,28268.13,360216.22,360216.22,28268.13,2026-07-21 17:02:28.743399+02:00
2026-07-21 15:02:48.806180+00:00,35.88,13.03,869.13,27.26,9.0,14.0,16.0,28383.56,360216.22,360216.22,28383.56,2026-07-21 17:02:48.806180+02:00
2026-07-21 15:03:08.808591+00:00,35.9,13.04,869.14,27.26,9.0,14.0,16.0,28383.56,357422.82,357422.82,28383.56,2026-07-21 17:03:08.808591+02:00
2026-07-21 15:03:28.834932+00:00,35.74,13.2,869.17,27.26,9.0,13.0,16.0,28268.13,357422.82,357422.82,28268.13,2026-07-21 17:03:28.834932+02:00
2026-07-21 15:03:48.847492+00:00,35.76,13.05,869.14,27.26,9.0,13.0,16.0,28268.13,357422.82,357422.82,28268.13,2026-07-21 17:03:48.847492+02:00
2026-07-21 15:04:08.855041+00:00,35.72,13.31,869.15,27.26,9.0,13.0,16.0,28268.13,357422.82,357422.82,28268.13,2026-07-21 17:04:08.855041+02:00
2026-07-21 15:04:28.861058+00:00,35.99,13.04,869.14,27.26,9.0,13.0,17.0,28268.13,357422.82,357422.82,28268.13,2026-07-21 17:04:28.861058+02:00
2026-07-21 15:04:48.957676+00:00,36.37,12.9,869.15,27.26,9.0,13.0,17.0,28268.13,360216.22,360216.22,28268.13,2026-07-21 17:04:48.957676+02:00
2026-07-21 15:05:09.053410+00:00,36.23,12.94,869.18,27.26,9.0,13.0,17.0,28268.13,360216.22,360216.22,28268.13,2026-07-21 17:05:09.053410+02:00
2026-07-21 15:05:29.125716+00:00,36.37,12.89,869.21,27.26,9.0,12.0,16.0,28268.13,360216.22,360216.22,28268.13,2026-07-21 17:05:29.125716+02:00
2026-07-21 15:05:49.151813+00:00,36.39,12.87,869.18,27.26,10.0,13.0,17.0,28268.13,360216.22,360216.22,28268.13,2026-07-21 17:05:49.151813+02:00
2026-07-21 15:06:09.152192+00:00,36.34,12.73,869.2,27.26,10.0,13.0,17.0,28383.56,360216.22,360216.22,28383.56,2026-07-21 17:06:09.152192+02:00
2026-07-21 15:06:29.153938+00:00,36.45,12.68,869.2,27.26,11.0,14.0,18.0,28499.31,363047.62,363047.62,28499.31,2026-07-21 17:06:29.153938+02:00
2026-07-21 15:06:49.160177+00:00,36.4,12.74,869.23,27.26,10.0,13.0,17.0,28499.31,363047.62,363047.62,28499.31,2026-07-21 17:06:49.160177+02:00
2026-07-21 15:07:09.174203+00:00,36.5,12.66,869.22,27.26,10.0,13.0,17.0,28731.77,365917.81,365917.81,28731.77,2026-07-21 17:07:09.174203+02:00
2026-07-21 15:07:29.193091+00:00,36.74,12.41,869.23,27.26,10.0,13.0,17.0,28731.77,365917.81,365917.81,28731.77,2026-07-21 17:07:29.193091+02:00
2026-07-21 15:07:49.195556+00:00,36.72,12.53,869.22,27.26,10.0,13.0,17.0,28615.38,363047.62,363047.62,28615.38,2026-07-21 17:07:49.195556+02:00
2026-07-21 15:08:09.289106+00:00,36.92,12.34,869.21,27.26,10.0,13.0,17.0,28731.77,363047.62,363047.62,28731.77,2026-07-21 17:08:09.289106+02:00
2026-07-21 15:08:29.292112+00:00,36.94,12.35,869.2,27.26,10.0,13.0,16.0,28731.77,363047.62,363047.62,28731.77,2026-07-21 17:08:29.292112+02:00
2026-07-21 15:08:49.300746+00:00,36.88,12.37,869.19,27.26,10.0,13.0,16.0,28731.77,363047.62,363047.62,28731.77,2026-07-21 17:08:49.300746+02:00
2026-07-21 15:09:09.309501+00:00,36.94,12.37,869.25,27.26,10.0,13.0,16.0,28615.38,363047.62,363047.62,28615.38,2026-07-21 17:09:09.309501+02:00
2026-07-21 15:09:29.323560+00:00,36.84,12.41,869.26,27.26,11.0,14.0,16.0,28615.38,363047.62,363047.62,28615.38,2026-07-21 17:09:29.323560+02:00
2026-07-21 15:09:49.328391+00:00,36.53,12.68,869.21,27.26,11.0,14.0,16.0,28499.31,363047.62,363047.62,28499.31,2026-07-21 17:09:49.328391+02:00
2026-07-21 15:10:09.331570+00:00,36.81,12.38,869.23,27.26,11.0,14.0,16.0,28848.48,365917.81,365917.81,28848.48,2026-07-21 17:10:09.331570+02:00
2026-07-21 15:10:29.359516+00:00,36.34,12.72,869.27,27.26,10.0,13.0,18.0,28731.77,360216.22,360216.22,28731.77,2026-07-21 17:10:29.359516+02:00
2026-07-21 15:10:49.380308+00:00,35.99,12.95,869.23,27.26,10.0,13.0,18.0,28615.38,360216.22,360216.22,28615.38,2026-07-21 17:10:49.380308+02:00
2026-07-21 15:11:09.391223+00:00,36.47,12.71,869.22,27.26,10.0,13.0,18.0,28499.31,363047.62,363047.62,28499.31,2026-07-21 17:11:09.391223+02:00
2026-07-21 15:11:29.405150+00:00,36.12,12.77,869.24,27.26,10.0,13.0,17.0,28615.38,363047.62,363047.62,28615.38,2026-07-21 17:11:29.405150+02:00
2026-07-21 15:11:49.429274+00:00,35.91,13.02,869.22,27.26,10.0,13.0,17.0,28499.31,360216.22,360216.22,28499.31,2026-07-21 17:11:49.429274+02:00
2026-07-21 15:12:09.525863+00:00,35.93,13.07,869.22,27.26,10.0,13.0,17.0,28499.31,360216.22,360216.22,28499.31,2026-07-21 17:12:09.525863+02:00
2026-07-21 15:12:29.549267+00:00,36.04,12.96,869.25,27.26,10.0,14.0,18.0,28499.31,360216.22,360216.22,28499.31,2026-07-21 17:12:29.549267+02:00
2026-07-21 15:12:49.551297+00:00,36.33,12.79,869.24,27.26,10.0,14.0,18.0,28499.31,360216.22,360216.22,28499.31,2026-07-21 17:12:49.551297+02:00
2026-07-21 15:13:09.572017+00:00,36.33,12.94,869.26,27.26,10.0,14.0,18.0,28499.31,360216.22,360216.22,28499.31,2026-07-21 17:13:09.572017+02:00
2026-07-21 15:13:29.600480+00:00,35.94,13.07,869.24,27.26,10.0,14.0,18.0,28499.31,363047.62,363047.62,28499.31,2026-07-21 17:13:29.600480+02:00
2026-07-21 15:13:49.691003+00:00,36.35,12.82,869.28,27.26,11.0,15.0,19.0,28499.31,363047.62,363047.62,28499.31,2026-07-21 17:13:49.691003+02:00
2026-07-21 15:14:09.787644+00:00,36.21,12.88,869.32,27.26,11.0,15.0,19.0,28499.31,363047.62,363047.62,28499.31,2026-07-21 17:14:09.787644+02:00
2026-07-21 15:14:29.788909+00:00,36.37,12.81,869.31,27.26,11.0,15.0,18.0,28499.31,360216.22,360216.22,28499.31,2026-07-21 17:14:29.788909+02:00
2026-07-21 15:14:49.841400+00:00,36.47,12.71,869.31,27.26,11.0,15.0,18.0,28499.31,363047.62,363047.62,28499.31,2026-07-21 17:14:49.841400+02:00
2026-07-21 15:15:09.940442+00:00,36.09,12.93,869.31,27.26,11.0,15.0,18.0,28499.31,360216.22,360216.22,28499.31,2026-07-21 17:15:09.940442+02:00
2026-07-21 15:15:30.019361+00:00,36.07,12.96,869.32,27.26,11.0,15.0,18.0,28499.31,363047.62,363047.62,28499.31,2026-07-21 17:15:30.019361+02:00
2026-07-21 15:15:50.028917+00:00,36.04,12.96,869.31,27.26,11.0,15.0,18.0,28615.38,363047.62,363047.62,28615.38,2026-07-21 17:15:50.028917+02:00
2026-07-21 15:16:10.128719+00:00,35.97,13.03,869.28,27.26,10.0,14.0,17.0,28615.38,363047.62,363047.62,28615.38,2026-07-21 17:16:10.128719+02:00
2026-07-21 15:16:30.151760+00:00,36.28,12.86,869.35,27.26,10.0,14.0,18.0,28615.38,363047.62,363047.62,28615.38,2026-07-21 17:16:30.151760+02:00
2026-07-21 15:16:50.160098+00:00,36.38,12.78,869.34,27.26,10.0,14.0,18.0,28615.38,363047.62,363047.62,28615.38,2026-07-21 17:16:50.160098+02:00
2026-07-21 15:17:10.160911+00:00,36.36,12.85,869.33,27.26,11.0,15.0,19.0,28615.38,365917.81,365917.81,28615.38,2026-07-21 17:17:10.160911+02:00
2026-07-21 15:17:30.192164+00:00,36.4,12.86,869.36,27.26,11.0,15.0,21.0,28615.38,365917.81,365917.81,28615.38,2026-07-21 17:17:30.192164+02:00
2026-07-21 15:17:50.193672+00:00,36.25,12.95,869.32,27.26,11.0,15.0,21.0,28615.38,365917.81,365917.81,28615.38,2026-07-21 17:17:50.193672+02:00
2026-07-21 15:18:10.292434+00:00,36.09,12.93,869.35,27.26,11.0,15.0,21.0,28848.48,368827.59,368827.59,28848.48,2026-07-21 17:18:10.292434+02:00
2026-07-21 15:18:30.320714+00:00,35.81,13.12,869.29,27.26,9.0,14.0,23.0,29082.87,377802.82,377802.82,29082.87,2026-07-21 17:18:30.320714+02:00
2026-07-21 15:18:50.324556+00:00,35.66,13.14,869.26,27.26,9.0,14.0,23.0,29318.56,380879.43,380879.43,29318.56,2026-07-21 17:18:50.324556+02:00
2026-07-21 15:19:10.422780+00:00,36.1,13.04,869.33,27.26,9.0,14.0,23.0,29318.56,374769.23,374769.23,29318.56,2026-07-21 17:19:10.422780+02:00
2026-07-21 15:19:30.428709+00:00,36.24,12.82,869.34,27.26,9.0,15.0,24.0,29200.55,371777.78,371777.78,29200.55,2026-07-21 17:19:30.428709+02:00
2026-07-21 15:19:50.437395+00:00,36.32,12.79,869.33,27.26,9.0,15.0,24.0,29318.56,384000.0,384000.0,29318.56,2026-07-21 17:19:50.437395+02:00
2026-07-21 15:20:10.447754+00:00,36.11,12.79,869.3,27.26,9.0,15.0,24.0,29436.89,377802.82,377802.82,29436.89,2026-07-21 17:20:10.447754+02:00
2026-07-21 15:20:30.465477+00:00,36.03,12.88,869.33,27.26,9.0,15.0,22.0,29555.56,377802.82,377802.82,29555.56,2026-07-21 17:20:30.465477+02:00
2026-07-21 15:20:50.486897+00:00,36.3,12.72,869.34,27.26,9.0,15.0,22.0,29555.56,377802.82,377802.82,29555.56,2026-07-21 17:20:50.486897+02:00
2026-07-21 15:21:10.492212+00:00,36.1,12.77,869.35,27.26,9.0,15.0,22.0,29674.55,377802.82,377802.82,29674.55,2026-07-21 17:21:10.492212+02:00
2026-07-21 15:21:30.507421+00:00,36.14,12.8,869.28,27.26,9.0,14.0,21.0,29674.55,384000.0,384000.0,29674.55,2026-07-21 17:21:30.507421+02:00
2026-07-21 15:21:50.512028+00:00,35.99,12.83,869.32,27.26,9.0,14.0,21.0,29793.87,377802.82,377802.82,29793.87,2026-07-21 17:21:50.512028+02:00
2026-07-21 15:22:10.608383+00:00,36.05,12.79,869.36,27.26,9.0,14.0,21.0,29674.55,374769.23,374769.23,29674.55,2026-07-21 17:22:10.608383+02:00
2026-07-21 15:22:30.628501+00:00,36.17,12.78,869.32,27.26,9.0,15.0,21.0,29555.56,371777.78,371777.78,29555.56,2026-07-21 17:22:30.628501+02:00
2026-07-21 15:22:50.636793+00:00,35.91,12.94,869.32,27.26,10.0,16.0,22.0,29555.56,371777.78,371777.78,29555.56,2026-07-21 17:22:50.636793+02:00
2026-07-21 15:23:10.734934+00:00,35.94,13.11,869.36,27.26,10.0,16.0,22.0,29436.89,380879.43,380879.43,29436.89,2026-07-21 17:23:10.734934+02:00
2026-07-21 15:23:30.751087+00:00,36.1,12.87,869.35,27.26,10.0,15.0,21.0,29436.89,374769.23,374769.23,29436.89,2026-07-21 17:23:30.751087+02:00
2026-07-21 15:23:50.752784+00:00,36.05,12.96,869.32,27.26,10.0,15.0,21.0,29318.56,368827.59,368827.59,29318.56,2026-07-21 17:23:50.752784+02:00
2026-07-21 15:24:10.849184+00:00,36.18,12.95,869.36,27.26,9.0,14.0,20.0,29318.56,368827.59,368827.59,29318.56,2026-07-21 17:24:10.849184+02:00
2026-07-21 15:24:30.948444+00:00,36.34,12.83,869.37,27.26,9.0,14.0,21.0,29200.55,371777.78,371777.78,29200.55,2026-07-21 17:24:30.948444+02:00
2026-07-21 15:24:51.046949+00:00,36.01,12.96,869.34,27.26,9.0,14.0,21.0,29082.87,368827.59,368827.59,29082.87,2026-07-21 17:24:51.046949+02:00
2026-07-21 15:25:11.056411+00:00,35.82,13.1,869.36,27.26,9.0,14.0,21.0,29082.87,368827.59,368827.59,29082.87,2026-07-21 17:25:11.056411+02:00
2026-07-21 15:25:31.129119+00:00,35.91,13.07,869.33,27.26,9.0,14.0,20.0,29082.87,371777.78,371777.78,29082.87,2026-07-21 17:25:31.129119+02:00
2026-07-21 15:25:51.134018+00:00,36.02,12.98,869.32,27.26,9.0,14.0,20.0,29082.87,368827.59,368827.59,29082.87,2026-07-21 17:25:51.134018+02:00
2026-07-21 15:26:11.146212+00:00,36.26,12.85,869.37,27.26,9.0,14.0,20.0,29082.87,371777.78,371777.78,29082.87,2026-07-21 17:26:11.146212+02:00
2026-07-21 15:26:31.162727+00:00,36.19,12.88,869.34,27.26,11.0,16.0,20.0,29082.87,368827.59,368827.59,29082.87,2026-07-21 17:26:31.162727+02:00
2026-07-21 15:26:51.260427+00:00,36.12,13.07,869.35,27.26,11.0,16.0,20.0,28965.52,371777.78,371777.78,28965.52,2026-07-21 17:26:51.260427+02:00
2026-07-21 15:27:11.279183+00:00,36.2,12.93,869.35,27.26,11.0,16.0,20.0,29082.87,371777.78,371777.78,29082.87,2026-07-21 17:27:11.279183+02:00
2026-07-21 15:27:31.296926+00:00,35.95,13.02,869.36,27.26,10.0,14.0,17.0,29082.87,368827.59,368827.59,29082.87,2026-07-21 17:27:31.296926+02:00
2026-07-21 15:27:51.311204+00:00,36.13,12.92,869.37,27.26,10.0,14.0,17.0,29082.87,371777.78,371777.78,29082.87,2026-07-21 17:27:51.311204+02:00
2026-07-21 15:28:11.315257+00:00,36.21,12.85,869.37,27.26,10.0,14.0,17.0,29082.87,371777.78,371777.78,29082.87,2026-07-21 17:28:11.315257+02:00
2026-07-21 15:28:31.323911+00:00,36.24,12.9,869.39,27.26,10.0,15.0,15.0,29082.87,371777.78,371777.78,29082.87,2026-07-21 17:28:31.323911+02:00
2026-07-21 15:28:51.330232+00:00,36.0,13.01,869.38,27.26,10.0,15.0,15.0,28965.52,368827.59,368827.59,28965.52,2026-07-21 17:28:51.330232+02:00
2026-07-21 15:29:11.339304+00:00,36.35,12.86,869.38,27.26,10.0,15.0,15.0,29082.87,371777.78,371777.78,29082.87,2026-07-21 17:29:11.339304+02:00
2026-07-21 15:29:31.340644+00:00,35.88,13.04,869.35,27.26,10.0,14.0,14.0,28965.52,371777.78,371777.78,28965.52,2026-07-21 17:29:31.340644+02:00
2026-07-21 15:29:51.437588+00:00,35.76,13.1,869.38,27.26,11.0,15.0,15.0,29082.87,371777.78,371777.78,29082.87,2026-07-21 17:29:51.437588+02:00
2026-07-21 15:30:11.439323+00:00,35.75,13.18,869.37,27.26,11.0,15.0,15.0,29082.87,371777.78,371777.78,29082.87,2026-07-21 17:30:11.439323+02:00
2026-07-21 15:30:31.469266+00:00,36.03,13.05,869.37,27.26,13.0,17.0,17.0,29082.87,371777.78,371777.78,29082.87,2026-07-21 17:30:31.469266+02:00
2026-07-21 15:30:51.568843+00:00,36.33,12.83,869.38,27.26,13.0,18.0,18.0,29082.87,371777.78,371777.78,29082.87,2026-07-21 17:30:51.568843+02:00
2026-07-21 15:31:11.569082+00:00,36.2,12.9,869.39,27.26,13.0,19.0,21.0,29082.87,371777.78,371777.78,29082.87,2026-07-21 17:31:11.569082+02:00
2026-07-21 15:31:31.666934+00:00,36.55,12.73,869.33,27.26,13.0,19.0,21.0,29082.87,374769.23,374769.23,29082.87,2026-07-21 17:31:31.666934+02:00
2026-07-21 15:31:51.678060+00:00,36.66,12.59,869.35,27.26,13.0,19.0,21.0,29200.55,374769.23,374769.23,29200.55,2026-07-21 17:31:51.678060+02:00
2026-07-21 15:32:11.685656+00:00,36.51,12.69,869.35,27.26,12.0,18.0,20.0,29200.55,374769.23,374769.23,29200.55,2026-07-21 17:32:11.685656+02:00
2026-07-21 15:32:31.711645+00:00,36.7,12.61,869.37,27.26,11.0,17.0,20.0,29318.56,377802.82,377802.82,29318.56,2026-07-21 17:32:31.711645+02:00
2026-07-21 15:32:51.714560+00:00,36.61,12.56,869.32,27.26,11.0,17.0,20.0,29436.89,374769.23,374769.23,29436.89,2026-07-21 17:32:51.714560+02:00
2026-07-21 15:33:11.811249+00:00,36.48,12.63,869.36,27.26,13.0,19.0,21.0,29436.89,374769.23,374769.23,29436.89,2026-07-21 17:33:11.811249+02:00
2026-07-21 15:33:31.844348+00:00,36.66,12.57,869.35,27.26,13.0,20.0,22.0,29555.56,377802.82,377802.82,29555.56,2026-07-21 17:33:31.844348+02:00
2026-07-21 15:33:51.845145+00:00,36.82,12.45,869.37,27.26,11.0,19.0,21.0,29555.56,377802.82,377802.82,29555.56,2026-07-21 17:33:51.845145+02:00
2026-07-21 15:34:11.938370+00:00,36.65,12.57,869.37,27.26,11.0,19.0,21.0,29555.56,374769.23,374769.23,29555.56,2026-07-21 17:34:11.938370+02:00
2026-07-21 15:34:31.939522+00:00,36.52,12.7,869.37,27.26,11.0,18.0,19.0,29555.56,374769.23,374769.23,29555.56,2026-07-21 17:34:31.939522+02:00
2026-07-21 15:34:51.949407+00:00,36.2,12.8,869.41,27.26,11.0,18.0,19.0,29436.89,377802.82,377802.82,29436.89,2026-07-21 17:34:51.949407+02:00
2026-07-21 15:35:12.044020+00:00,36.5,12.73,869.39,27.26,11.0,18.0,19.0,29436.89,377802.82,377802.82,29436.89,2026-07-21 17:35:12.044020+02:00
2026-07-21 15:35:32.129081+00:00,36.21,12.88,869.39,27.26,11.0,18.0,18.0,29436.89,377802.82,377802.82,29436.89,2026-07-21 17:35:32.129081+02:00
2026-07-21 15:35:52.139046+00:00,36.42,12.75,869.39,27.26,11.0,18.0,18.0,29555.56,374769.23,374769.23,29555.56,2026-07-21 17:35:52.139046+02:00
2026-07-21 15:36:12.144933+00:00,36.57,12.71,869.39,27.26,11.0,18.0,18.0,29436.89,374769.23,374769.23,29436.89,2026-07-21 17:36:12.144933+02:00
2026-07-21 15:36:32.151355+00:00,36.12,12.92,869.39,27.26,10.0,18.0,18.0,29436.89,371777.78,371777.78,29436.89,2026-07-21 17:36:32.151355+02:00
2026-07-21 15:36:52.248279+00:00,35.99,13.08,869.38,27.26,10.0,18.0,18.0,29318.56,374769.23,374769.23,29318.56,2026-07-21 17:36:52.248279+02:00
2026-07-21 15:37:12.341345+00:00,36.46,12.8,869.41,27.26,10.0,18.0,18.0,29318.56,377802.82,377802.82,29318.56,2026-07-21 17:37:12.341345+02:00
2026-07-21 15:37:32.366347+00:00,35.86,13.09,869.39,27.26,10.0,18.0,18.0,29318.56,374769.23,374769.23,29318.56,2026-07-21 17:37:32.366347+02:00
2026-07-21 15:37:52.390304+00:00,35.94,13.1,869.37,27.26,10.0,18.0,18.0,29318.56,374769.23,374769.23,29318.56,2026-07-21 17:37:52.390304+02:00
2026-07-21 15:38:12.486989+00:00,36.12,13.02,869.42,27.26,10.0,18.0,18.0,29318.56,371777.78,371777.78,29318.56,2026-07-21 17:38:12.486989+02:00
2026-07-21 15:38:32.506264+00:00,35.97,13.07,869.37,27.26,11.0,19.0,19.0,29318.56,371777.78,371777.78,29318.56,2026-07-21 17:38:32.506264+02:00
2026-07-21 15:38:52.510916+00:00,35.69,13.28,869.39,27.26,11.0,19.0,19.0,29200.55,374769.23,374769.23,29200.55,2026-07-21 17:38:52.510916+02:00
2026-07-21 15:39:12.605260+00:00,35.73,13.28,869.39,27.26,11.0,19.0,19.0,29200.55,371777.78,371777.78,29200.55,2026-07-21 17:39:12.605260+02:00
2026-07-21 15:39:32.610135+00:00,35.77,13.28,869.41,27.26,10.0,18.0,18.0,29200.55,371777.78,371777.78,29200.55,2026-07-21 17:39:32.610135+02:00
2026-07-21 15:39:52.623491+00:00,35.78,13.25,869.37,27.26,10.0,18.0,18.0,29200.55,374769.23,374769.23,29200.55,2026-07-21 17:39:52.623491+02:00
2026-07-21 15:40:12.627414+00:00,35.71,13.22,869.41,27.26,10.0,18.0,18.0,29200.55,374769.23,374769.23,29200.55,2026-07-21 17:40:12.627414+02:00
2026-07-21 15:40:32.644770+00:00,35.89,13.19,869.37,27.26,10.0,17.0,17.0,29200.55,374769.23,374769.23,29200.55,2026-07-21 17:40:32.644770+02:00
2026-07-21 15:40:52.663759+00:00,36.1,13.13,869.41,27.26,10.0,17.0,17.0,29200.55,380879.43,380879.43,29200.55,2026-07-21 17:40:52.663759+02:00
2026-07-21 15:41:12.758067+00:00,35.9,13.17,869.4,27.26,10.0,17.0,17.0,29200.55,377802.82,377802.82,29200.55,2026-07-21 17:41:12.758067+02:00
2026-07-21 15:41:32.761694+00:00,35.97,13.18,869.4,27.26,10.0,16.0,16.0,29200.55,377802.82,377802.82,29200.55,2026-07-21 17:41:32.761694+02:00
2026-07-21 15:41:52.762593+00:00,36.02,13.23,869.42,27.26,10.0,16.0,16.0,29200.55,377802.82,377802.82,29200.55,2026-07-21 17:41:52.762593+02:00
2026-07-21 15:42:12.860303+00:00,35.78,13.25,869.4,27.26,10.0,16.0,16.0,29200.55,374769.23,374769.23,29200.55,2026-07-21 17:42:12.860303+02:00
2026-07-21 15:42:32.887687+00:00,35.96,13.13,869.4,27.26,9.0,16.0,16.0,29200.55,371777.78,371777.78,29200.55,2026-07-21 17:42:32.887687+02:00
2026-07-21 15:42:52.898184+00:00,35.73,13.29,869.41,27.26,9.0,16.0,16.0,29200.55,374769.23,374769.23,29200.55,2026-07-21 17:42:52.898184+02:00
2026-07-21 15:43:12.900604+00:00,35.94,13.19,869.43,27.26,9.0,16.0,16.0,29200.55,374769.23,374769.23,29200.55,2026-07-21 17:43:12.900604+02:00
2026-07-21 15:43:32.920672+00:00,36.09,13.1,869.43,27.26,10.0,16.0,16.0,29200.55,374769.23,374769.23,29200.55,2026-07-21 17:43:32.920672+02:00
2026-07-21 15:43:53.014970+00:00,35.92,13.19,869.4,27.26,10.0,16.0,16.0,29200.55,374769.23,374769.23,29200.55,2026-07-21 17:43:53.014970+02:00
2026-07-21 15:44:13.019383+00:00,35.9,13.19,869.4,27.26,10.0,16.0,16.0,29200.55,374769.23,374769.23,29200.55,2026-07-21 17:44:13.019383+02:00
2026-07-21 15:44:33.023527+00:00,35.8,13.27,869.45,27.26,9.0,15.0,15.0,29200.55,374769.23,374769.23,29200.55,2026-07-21 17:44:33.023527+02:00
2026-07-21 15:44:53.116989+00:00,36.08,13.1,869.45,27.26,9.0,15.0,15.0,29318.56,374769.23,374769.23,29318.56,2026-07-21 17:44:53.116989+02:00
2026-07-21 15:45:13.126280+00:00,35.87,13.28,869.43,27.26,9.0,15.0,15.0,29200.55,374769.23,374769.23,29200.55,2026-07-21 17:45:13.126280+02:00
2026-07-21 15:45:33.203971+00:00,36.05,13.12,869.43,27.26,9.0,15.0,15.0,29200.55,377802.82,377802.82,29200.55,2026-07-21 17:45:33.203971+02:00
2026-07-21 15:45:53.204803+00:00,36.29,13.0,869.46,27.26,10.0,16.0,16.0,29200.55,377802.82,377802.82,29200.55,2026-07-21 17:45:53.204803+02:00
2026-07-21 15:46:13.295627+00:00,36.62,12.8,869.44,27.26,10.0,16.0,16.0,29200.55,377802.82,377802.82,29200.55,2026-07-21 17:46:13.295627+02:00
2026-07-21 15:46:33.316696+00:00,36.7,12.72,869.4,27.26,11.0,17.0,17.0,29318.56,377802.82,377802.82,29318.56,2026-07-21 17:46:33.316696+02:00
2026-07-21 15:46:53.411826+00:00,36.65,12.76,869.42,27.26,11.0,17.0,17.0,29436.89,377802.82,377802.82,29436.89,2026-07-21 17:46:53.411826+02:00
2026-07-21 15:47:13.415886+00:00,36.88,12.64,869.43,27.26,11.0,17.0,17.0,29436.89,377802.82,377802.82,29436.89,2026-07-21 17:47:13.415886+02:00
2026-07-21 15:47:33.432518+00:00,36.87,12.61,869.42,27.26,11.0,18.0,18.0,29436.89,377802.82,377802.82,29436.89,2026-07-21 17:47:33.432518+02:00
2026-07-21 15:47:53.528861+00:00,36.92,12.56,869.42,27.26,11.0,18.0,18.0,29436.89,377802.82,377802.82,29436.89,2026-07-21 17:47:53.528861+02:00
2026-07-21 15:48:13.533318+00:00,36.97,12.57,869.46,27.26,11.0,18.0,18.0,29436.89,377802.82,377802.82,29436.89,2026-07-21 17:48:13.533318+02:00
2026-07-21 15:48:33.545026+00:00,36.39,12.84,869.47,27.26,11.0,17.0,17.0,29436.89,377802.82,377802.82,29436.89,2026-07-21 17:48:33.545026+02:00
2026-07-21 15:48:53.545811+00:00,36.51,12.84,869.47,27.26,11.0,17.0,17.0,29436.89,377802.82,377802.82,29436.89,2026-07-21 17:48:53.545811+02:00
2026-07-21 15:49:13.639950+00:00,36.61,12.76,869.44,27.26,10.0,16.0,16.0,29436.89,377802.82,377802.82,29436.89,2026-07-21 17:49:13.639950+02:00
2026-07-21 15:49:33.640195+00:00,36.56,12.76,869.49,27.26,10.0,16.0,18.0,29436.89,377802.82,377802.82,29436.89,2026-07-21 17:49:33.640195+02:00
2026-07-21 15:49:53.734646+00:00,36.63,12.74,869.45,27.26,10.0,16.0,18.0,29436.89,377802.82,377802.82,29436.89,2026-07-21 17:49:53.734646+02:00
2026-07-21 15:50:13.776345+00:00,36.41,12.89,869.47,27.26,10.0,16.0,18.0,29436.89,377802.82,377802.82,29436.89,2026-07-21 17:50:13.776345+02:00
2026-07-21 15:50:33.869333+00:00,36.65,12.75,869.42,27.26,11.0,17.0,19.0,29436.89,377802.82,377802.82,29436.89,2026-07-21 17:50:33.869333+02:00
2026-07-21 15:50:53.962691+00:00,36.43,12.83,869.47,27.26,11.0,17.0,19.0,29436.89,377802.82,377802.82,29436.89,2026-07-21 17:50:53.962691+02:00
2026-07-21 15:51:14.054398+00:00,36.13,13.08,869.43,27.26,11.0,17.0,19.0,29436.89,377802.82,377802.82,29436.89,2026-07-21 17:51:14.054398+02:00
2026-07-21 15:51:34.149877+00:00,36.27,12.95,869.49,27.26,9.0,16.0,18.0,29436.89,377802.82,377802.82,29436.89,2026-07-21 17:51:34.149877+02:00
2026-07-21 15:51:54.215831+00:00,36.11,13.04,869.44,27.26,9.0,16.0,18.0,29436.89,377802.82,377802.82,29436.89,2026-07-21 17:51:54.215831+02:00
2026-07-21 15:52:14.307160+00:00,35.96,13.06,869.48,27.26,9.0,16.0,18.0,29436.89,377802.82,377802.82,29436.89,2026-07-21 17:52:14.307160+02:00
2026-07-21 15:52:34.337046+00:00,36.1,13.17,869.46,27.26,10.0,16.0,17.0,29436.89,377802.82,377802.82,29436.89,2026-07-21 17:52:34.337046+02:00
2026-07-21 15:52:54.339465+00:00,36.1,13.14,869.46,27.26,11.0,17.0,18.0,29436.89,377802.82,377802.82,29436.89,2026-07-21 17:52:54.339465+02:00
2026-07-21 15:53:14.340427+00:00,36.09,13.1,869.47,27.26,11.0,17.0,18.0,29318.56,377802.82,377802.82,29318.56,2026-07-21 17:53:14.340427+02:00
2026-07-21 15:53:34.379455+00:00,36.06,13.17,869.45,27.26,11.0,17.0,19.0,29318.56,377802.82,377802.82,29318.56,2026-07-21 17:53:34.379455+02:00
2026-07-21 15:53:54.397546+00:00,36.39,12.98,869.46,27.26,11.0,17.0,19.0,29318.56,377802.82,377802.82,29318.56,2026-07-21 17:53:54.397546+02:00
2026-07-21 15:54:14.413555+00:00,36.75,12.7,869.55,27.26,11.0,17.0,19.0,29318.56,374769.23,374769.23,29318.56,2026-07-21 17:54:14.413555+02:00
2026-07-21 15:54:34.426721+00:00,36.64,12.78,869.5,27.26,10.0,17.0,20.0,29318.56,377802.82,377802.82,29318.56,2026-07-21 17:54:34.426721+02:00
2026-07-21 15:54:54.434506+00:00,36.24,13.24,869.47,152.03,10.0,17.0,20.0,28499.31,368827.59,368827.59,28499.31,2026-07-21 17:54:54.434506+02:00
2026-07-21 15:55:14.534265+00:00,36.5,14.21,869.5,0.83,10.0,17.0,20.0,28615.38,329000.0,329000.0,28615.38,2026-07-21 17:55:14.534265+02:00
