created_at,entry_id,field1,field2,field3,field4,field5,field6,field7,field8,status
2026-10-08T13:43:58+00:00,,23.61,81.52,681.62,0.0,0.0,0.0,100.0,49.0,"{""atmo"":1,""ts"":""2026-10-08T13:43:58.151996+00:00"",""lux"":163.22,""ox"":186519.69,""red"":101948.72,""nh3"":35666.67,""nh3i"":82.2,""fs"":1791467038,""fe"":1791469659}"
2026-10-08T13:44:18+00:00,,38.68,20.99,869.87,0.0,0.0,0.0,0.0,0.0,"{""atmo"":1,""ts"":""2026-10-08T13:44:18.023792+00:00"",""lux"":163.55,""ox"":2003.77,""red"":255111.11,""nh3"":7900.41,""nh3i"":96.0,""fs"":1791467038,""fe"":1791469659}"
2026-10-08T13:44:38+00:00,,38.66,20.91,869.83,0.0,0.0,0.0,0.0,0.0,"{""atmo"":1,""ts"":""2026-10-08T13:44:38.038886+00:00"",""lux"":163.22,""ox"":2722.59,""red"":319609.76,""nh3"":18757.28,""nh3i"":90.6,""fs"":1791467038,""fe"":1791469659}"
2026-10-08T13:44:58+00:00,,39.02,20.86,869.86,0.0,0.0,0.0,0.0,0.0,"{""atmo"":1,""ts"":""2026-10-08T13:44:58.052863+00:00"",""lux"":163.22,""ox"":3230.77,""red"":336356.69,""nh3"":29674.55,""nh3i"":85.2,""fs"":1791467038,""fe"":1791469659}"
2026-10-08T13:45:18+00:00,,38.5,21.15,869.81,0.0,0.0,0.0,0.0,0.0,"{""atmo"":1,""ts"":""2026-10-08T13:45:18.066717+00:00"",""lux"":59.06,""ox"":3747.82,""red"":349263.16,""nh3"":40250.0,""nh3i"":79.9,""fs"":1791467038,""fe"":1791469659}"
2026-10-08T13:45:38+00:00,,38.93,20.56,869.88,0.0,0.0,0.0,0.0,0.0,"{""atmo"":1,""ts"":""2026-10-08T13:45:38.081484+00:00"",""lux"":163.22,""ox"":4215.05,""red"":365917.81,""nh3"":52641.98,""nh3i"":73.7,""fs"":1791467038,""fe"":1791469659}"
2026-10-08T13:45:58+00:00,,38.96,20.34,869.88,0.0,1.0,1.0,0.0,0.0,"{""atmo"":1,""ts"":""2026-10-08T13:45:58.099403+00:00"",""lux"":163.22,""ox"":4629.92,""red"":384000.0,""nh3"":64077.97,""nh3i"":68.0,""fs"":1791467038,""fe"":1791469659}"
2026-10-08T13:46:18+00:00,,37.93,20.9,869.88,0.0,0.0,0.0,0.0,0.0,"{""atmo"":1,""ts"":""2026-10-08T13:46:18.115981+00:00"",""lux"":163.22,""ox"":4990.1,""red"":396941.18,""nh3"":73957.81,""nh3i"":63.0,""fs"":1791467038,""fe"":1791469659}"
2026-10-08T13:46:38+00:00,,37.46,21.44,869.89,0.0,0.0,0.0,0.0,0.0,"{""atmo"":1,""ts"":""2026-10-08T13:46:38.133345+00:00"",""lux"":163.22,""ox"":5354.58,""red"":400296.3,""nh3"":83682.54,""nh3i"":58.2,""fs"":1791467038,""fe"":1791469659}"
2026-10-08T13:46:58+00:00,,37.93,20.86,869.83,0.0,0.0,0.0,0.0,0.0,"{""atmo"":1,""ts"":""2026-10-08T13:46:58.148470+00:00"",""lux"":163.22,""ox"":5785.36,""red"":414229.01,""nh3"":94980.39,""nh3i"":52.5,""fs"":1791467038,""fe"":1791469659}"
2026-10-08T13:47:18+00:00,,37.72,20.9,869.86,0.0,0.0,0.0,0.0,0.0,"{""atmo"":1,""ts"":""2026-10-08T13:47:18.162069+00:00"",""lux"":163.55,""ox"":6096.77,""red"":417846.15,""nh3"":102762.89,""nh3i"":48.6,""fs"":1791467038,""fe"":1791469659}"
2026-10-08T13:47:38+00:00,,37.27,21.27,869.85,0.0,0.0,0.0,0.0,0.0,"{""atmo"":1,""ts"":""2026-10-08T13:47:38.176302+00:00"",""lux"":163.22,""ox"":6411.35,""red"":425250.0,""nh3"":110486.49,""nh3i"":44.8,""fs"":1791467038,""fe"":1791469659}"
2026-10-08T13:47:58+00:00,,37.63,21.01,869.87,0.0,0.0,0.0,0.0,0.0,"{""atmo"":1,""ts"":""2026-10-08T13:47:58.190523+00:00"",""lux"":163.22,""ox"":6729.12,""red"":417846.15,""nh3"":115587.74,""nh3i"":42.2,""fs"":1791467038,""fe"":1791469659}"
2026-10-08T13:48:18+00:00,,37.89,20.88,869.85,0.0,0.0,0.0,0.0,0.0,"{""atmo"":1,""ts"":""2026-10-08T13:48:18.204663+00:00"",""lux"":163.55,""ox"":6985.69,""red"":417846.15,""nh3"":120504.3,""nh3i"":39.7,""fs"":1791467038,""fe"":1791469659}"
2026-10-08T13:48:38+00:00,,37.74,21.05,869.84,0.0,0.0,0.0,0.0,0.0,"{""atmo"":1,""ts"":""2026-10-08T13:48:38.218946+00:00"",""lux"":163.55,""ox"":7244.35,""red"":410666.67,""nh3"":123069.77,""nh3i"":38.5,""fs"":1791467038,""fe"":1791469659}"
2026-10-08T13:48:58+00:00,,37.67,21.03,869.87,0.0,0.0,0.0,0.0,0.0,"{""atmo"":1,""ts"":""2026-10-08T13:48:58.233390+00:00"",""lux"":163.22,""ox"":7505.15,""red"":414229.01,""nh3"":126248.52,""nh3i"":36.9,""fs"":1791467038,""fe"":1791469659}"
2026-10-08T13:49:18+00:00,,37.58,21.22,869.91,0.0,0.0,0.0,0.0,0.0,"{""atmo"":1,""ts"":""2026-10-08T13:49:18.247609+00:00"",""lux"":164.1,""ox"":7768.12,""red"":417846.15,""nh3"":130102.72,""nh3i"":34.9,""fs"":1791467038,""fe"":1791469659}"
2026-10-08T13:49:38+00:00,,37.47,21.39,869.87,0.0,0.0,0.0,0.0,0.0,"{""atmo"":1,""ts"":""2026-10-08T13:49:38.262280+00:00"",""lux"":164.44,""ox"":7966.77,""red"":410666.67,""nh3"":130666.67,""nh3i"":34.7,""fs"":1791467038,""fe"":1791469659}"
2026-10-08T13:49:58+00:00,,37.65,21.15,869.9,0.0,0.0,0.0,0.0,0.0,"{""atmo"":1,""ts"":""2026-10-08T13:49:58.276855+00:00"",""lux"":164.1,""ox"":8233.58,""red"":414229.01,""nh3"":134712.07,""nh3i"":32.6,""fs"":1791467038,""fe"":1791469659}"
2026-10-08T13:50:18+00:00,,37.52,21.2,869.92,0.0,0.0,0.0,0.0,0.0,"{""atmo"":1,""ts"":""2026-10-08T13:50:18.290566+00:00"",""lux"":163.22,""ox"":8502.62,""red"":417846.15,""nh3"":137710.69,""nh3i"":31.1,""fs"":1791467038,""fe"":1791469659}"
2026-10-08T13:50:38+00:00,,37.32,21.37,869.9,0.0,0.0,0.0,0.0,0.0,"{""atmo"":1,""ts"":""2026-10-08T13:50:38.305264+00:00"",""lux"":163.77,""ox"":8773.92,""red"":421519.38,""nh3"":142070.74,""nh3i"":29.0,""fs"":1791467038,""fe"":1791469659}"
2026-10-08T13:50:58+00:00,,37.68,21.14,869.91,0.0,0.0,0.0,0.0,0.0,"{""atmo"":1,""ts"":""2026-10-08T13:50:58.319457+00:00"",""lux"":163.22,""ox"":8978.9,""red"":414229.01,""nh3"":142709.68,""nh3i"":28.6,""fs"":1791467038,""fe"":1791469659}"
2026-10-08T13:51:18+00:00,,37.66,21.21,869.93,0.0,0.0,0.0,0.0,0.0,"{""atmo"":1,""ts"":""2026-10-08T13:51:18.333890+00:00"",""lux"":164.1,""ox"":9116.28,""red"":414229.01,""nh3"":144000.0,""nh3i"":28.0,""fs"":1791467038,""fe"":1791469659}"
2026-10-08T13:51:38+00:00,,37.55,21.35,869.95,0.0,0.0,0.0,0.0,0.0,"{""atmo"":1,""ts"":""2026-10-08T13:51:38.348827+00:00"",""lux"":164.1,""ox"":9323.44,""red"":410666.67,""nh3"":142709.68,""nh3i"":28.6,""fs"":1791467038,""fe"":1791469659}"
2026-10-08T13:51:58+00:00,,37.92,20.92,869.89,0.0,0.0,0.0,0.0,0.0,"{""atmo"":1,""ts"":""2026-10-08T13:51:58.362819+00:00"",""lux"":163.77,""ox"":9462.27,""red"":410666.67,""nh3"":144000.0,""nh3i"":28.0,""fs"":1791467038,""fe"":1791469659}"
2026-10-08T13:52:18+00:00,,37.51,21.3,869.94,0.0,0.0,0.0,0.0,0.0,"{""atmo"":1,""ts"":""2026-10-08T13:52:18.376449+00:00"",""lux"":163.77,""ox"":9671.64,""red"":417846.15,""nh3"":145307.19,""nh3i"":27.3,""fs"":1791467038,""fe"":1791469659}"
2026-10-08T13:52:38+00:00,,37.33,21.38,869.94,0.0,0.0,0.0,0.0,0.0,"{""atmo"":1,""ts"":""2026-10-08T13:52:38.390934+00:00"",""lux"":163.77,""ox"":9952.89,""red"":429039.37,""nh3"":151407.41,""nh3i"":24.3,""fs"":1791467038,""fe"":1791469659}"
2026-10-08T13:52:58+00:00,,37.33,21.27,869.93,0.0,0.0,0.0,0.0,0.0,"{""atmo"":1,""ts"":""2026-10-08T13:52:58.405939+00:00"",""lux"":163.77,""ox"":10165.41,""red"":448918.03,""nh3"":155683.85,""nh3i"":22.2,""fs"":1791467038,""fe"":1791469659}"
2026-10-08T13:53:18+00:00,,37.59,21.14,869.94,0.0,0.0,0.0,0.0,0.0,"{""atmo"":1,""ts"":""2026-10-08T13:53:18.419989+00:00"",""lux"":164.1,""ox"":10379.31,""red"":432888.89,""nh3"":159384.62,""nh3i"":20.3,""fs"":1791467038,""fe"":1791469659}"
2026-10-08T13:53:38+00:00,,37.55,21.26,869.95,0.0,0.0,0.0,0.0,0.0,"{""atmo"":1,""ts"":""2026-10-08T13:53:38.434591+00:00"",""lux"":164.44,""ox"":10522.68,""red"":421519.38,""nh3"":155683.85,""nh3i"":22.2,""fs"":1791467038,""fe"":1791469659}"
2026-10-08T13:53:58+00:00,,37.36,21.38,869.96,0.0,0.0,0.0,0.0,0.0,"{""atmo"":1,""ts"":""2026-10-08T13:53:58.449485+00:00"",""lux"":164.1,""ox"":10738.89,""red"":425250.0,""nh3"":159384.62,""nh3i"":20.3,""fs"":1791467038,""fe"":1791469659}"
2026-10-08T13:54:18+00:00,,37.67,21.09,869.94,0.0,0.0,0.0,0.0,0.0,"{""atmo"":1,""ts"":""2026-10-08T13:54:18.462665+00:00"",""lux"":164.1,""ox"":10956.52,""red"":432888.89,""nh3"":163217.08,""nh3i"":18.4,""fs"":1791467038,""fe"":1791469659}"
2026-10-08T13:54:38+00:00,,37.78,20.95,869.92,0.0,0.0,0.0,0.0,0.0,"{""atmo"":1,""ts"":""2026-10-08T13:54:38.478580+00:00"",""lux"":163.55,""ox"":11102.4,""red"":429039.37,""nh3"":163217.08,""nh3i"":18.4,""fs"":1791467038,""fe"":1791469659}"
2026-10-08T13:54:58+00:00,,37.64,21.1,869.96,0.0,0.0,0.0,0.0,0.0,"{""atmo"":1,""ts"":""2026-10-08T13:54:58.493112+00:00"",""lux"":163.55,""ox"":11248.91,""red"":432888.89,""nh3"":165582.73,""nh3i"":17.2,""fs"":1791467038,""fe"":1791469659}"
2026-10-08T13:55:18+00:00,,37.78,20.89,869.97,0.0,0.0,0.0,0.0,0.0,"{""atmo"":1,""ts"":""2026-10-08T13:55:18.506849+00:00"",""lux"":163.22,""ox"":11469.88,""red"":440774.19,""nh3"":170470.59,""nh3i"":14.8,""fs"":1791467038,""fe"":1791469659}"
2026-10-08T13:55:38+00:00,,37.52,21.11,869.96,0.0,0.0,0.0,0.0,0.0,"{""atmo"":1,""ts"":""2026-10-08T13:55:38.521462+00:00"",""lux"":163.22,""ox"":11692.31,""red"":436800.0,""nh3"":172148.15,""nh3i"":13.9,""fs"":1791467038,""fe"":1791469659}"
2026-10-08T13:55:58+00:00,,37.46,21.3,869.98,0.0,0.0,0.0,0.0,0.0,"{""atmo"":1,""ts"":""2026-10-08T13:55:58.535096+00:00"",""lux"":164.1,""ox"":11766.78,""red"":436800.0,""nh3"":172148.15,""nh3i"":13.9,""fs"":1791467038,""fe"":1791469659}"
2026-10-08T13:56:18+00:00,,37.63,21.12,869.95,0.0,0.0,0.0,0.0,0.0,"{""atmo"":1,""ts"":""2026-10-08T13:56:18.549272+00:00"",""lux"":163.77,""ox"":11916.21,""red"":432888.89,""nh3"":170470.59,""nh3i"":14.8,""fs"":1791467038,""fe"":1791469659}"
2026-10-08T13:56:38+00:00,,37.77,21.03,869.92,0.0,0.0,0.0,0.0,0.0,"{""atmo"":1,""ts"":""2026-10-08T13:56:38.564619+00:00"",""lux"":163.77,""ox"":11991.17,""red"":429039.37,""nh3"":168817.52,""nh3i"":15.6,""fs"":1791467038,""fe"":1791469659}"
2026-10-08T13:56:58+00:00,,38.25,20.61,869.92,0.0,0.0,0.0,0.0,0.0,"{""atmo"":1,""ts"":""2026-10-08T13:56:58.580342+00:00"",""lux"":163.77,""ox"":12141.59,""red"":429039.37,""nh3"":169641.03,""nh3i"":15.2,""fs"":1791467038,""fe"":1791469659}"
2026-10-08T13:57:18+00:00,,38.29,20.5,869.9,0.0,0.0,0.0,0.0,0.0,"{""atmo"":1,""ts"":""2026-10-08T13:57:18.593801+00:00"",""lux"":163.77,""ox"":12217.05,""red"":425250.0,""nh3"":168000.0,""nh3i"":16.0,""fs"":1791467038,""fe"":1791469659}"
2026-10-08T13:57:38+00:00,,38.57,20.25,869.91,0.0,0.0,0.0,0.0,0.0,"{""atmo"":1,""ts"":""2026-10-08T13:57:38.608343+00:00"",""lux"":164.66,""ox"":12292.68,""red"":417846.15,""nh3"":167188.41,""nh3i"":16.4,""fs"":1791467038,""fe"":1791469659}"
2026-10-08T13:57:58+00:00,,38.35,20.39,869.94,0.0,0.0,0.0,0.0,0.0,"{""atmo"":1,""ts"":""2026-10-08T13:57:58.622601+00:00"",""lux"":164.66,""ox"":12217.05,""red"":414229.01,""nh3"":160901.41,""nh3i"":19.5,""fs"":1791467038,""fe"":1791469659}"
2026-10-08T13:58:18+00:00,,38.19,20.61,869.9,0.0,0.0,0.0,0.0,0.0,"{""atmo"":1,""ts"":""2026-10-08T13:58:18.637539+00:00"",""lux"":165.21,""ox"":12217.05,""red"":414229.01,""nh3"":157888.89,""nh3i"":21.1,""fs"":1791467038,""fe"":1791469659}"
2026-10-08T13:58:38+00:00,,37.98,20.93,869.92,0.0,0.0,0.0,0.0,0.0,"{""atmo"":1,""ts"":""2026-10-08T13:58:38.652384+00:00"",""lux"":165.54,""ox"":12292.68,""red"":403701.49,""nh3"":154958.9,""nh3i"":22.5,""fs"":1791467038,""fe"":1791469659}"
2026-10-08T13:58:58+00:00,,38.1,20.8,869.89,0.0,0.0,0.0,0.0,0.0,"{""atmo"":1,""ts"":""2026-10-08T13:58:58.666598+00:00"",""lux"":165.54,""ox"":12368.48,""red"":407157.89,""nh3"":155683.85,""nh3i"":22.2,""fs"":1791467038,""fe"":1791469659}"
2026-10-08T13:59:18+00:00,,38.07,20.96,869.88,0.0,0.0,0.0,0.0,0.0,"{""atmo"":1,""ts"":""2026-10-08T13:59:18.681039+00:00"",""lux"":165.21,""ox"":12368.48,""red"":393635.04,""nh3"":151407.41,""nh3i"":24.3,""fs"":1791467038,""fe"":1791469659}"
2026-10-08T13:59:38+00:00,,38.12,20.96,869.91,0.0,0.0,0.0,0.0,0.0,"{""atmo"":1,""ts"":""2026-10-08T13:59:38.695335+00:00"",""lux"":164.66,""ox"":12444.44,""red"":400296.3,""nh3"":150711.41,""nh3i"":24.6,""fs"":1791467038,""fe"":1791469659}"
2026-10-08T13:59:58+00:00,,38.34,20.72,869.86,0.0,0.0,0.0,0.0,0.0,"{""atmo"":1,""ts"":""2026-10-08T13:59:58.709567+00:00"",""lux"":164.99,""ox"":12520.58,""red"":393635.04,""nh3"":151407.41,""nh3i"":24.3,""fs"":1791467038,""fe"":1791469659}"
2026-10-08T14:00:18+00:00,,38.46,20.48,869.89,0.0,0.0,0.0,0.0,0.0,"{""atmo"":1,""ts"":""2026-10-08T14:00:18.723408+00:00"",""lux"":164.66,""ox"":12520.58,""red"":396941.18,""nh3"":148651.16,""nh3i"":25.7,""fs"":1791467038,""fe"":1791469659}"
2026-10-08T14:00:38+00:00,,38.36,20.67,869.88,0.0,0.0,0.0,0.0,0.0,"{""atmo"":1,""ts"":""2026-10-08T14:00:38.738898+00:00"",""lux"":163.77,""ox"":12673.36,""red"":390376.81,""nh3"":150020.07,""nh3i"":25.0,""fs"":1791467038,""fe"":1791469659}"
2026-10-08T14:00:58+00:00,,38.46,20.64,869.9,0.0,0.0,0.0,0.0,0.0,"{""atmo"":1,""ts"":""2026-10-08T14:00:58.752867+00:00"",""lux"":163.77,""ox"":12673.36,""red"":380879.43,""nh3"":146631.58,""nh3i"":26.7,""fs"":1791467038,""fe"":1791469659}"
2026-10-08T14:01:18+00:00,,38.65,20.48,869.88,0.0,0.0,0.0,0.0,0.0,"{""atmo"":1,""ts"":""2026-10-08T14:01:18.767324+00:00"",""lux"":163.77,""ox"":12826.82,""red"":390376.81,""nh3"":147973.51,""nh3i"":26.0,""fs"":1791467038,""fe"":1791469659}"
2026-10-08T14:01:38+00:00,,38.71,20.31,869.88,0.0,0.0,0.0,0.0,0.0,"{""atmo"":1,""ts"":""2026-10-08T14:01:38.782715+00:00"",""lux"":163.77,""ox"":12903.8,""red"":393635.04,""nh3"":149333.33,""nh3i"":25.3,""fs"":1791467038,""fe"":1791469659}"
2026-10-08T14:01:58+00:00,,38.75,20.28,869.88,0.0,0.0,0.0,0.0,0.0,"{""atmo"":1,""ts"":""2026-10-08T14:01:58.796587+00:00"",""lux"":163.77,""ox"":12903.8,""red"":384000.0,""nh3"":145967.21,""nh3i"":27.0,""fs"":1791467038,""fe"":1791469659}"
2026-10-08T14:02:18+00:00,,38.74,20.3,869.86,0.0,0.0,0.0,0.0,0.0,"{""atmo"":1,""ts"":""2026-10-08T14:02:18.811161+00:00"",""lux"":163.77,""ox"":12903.8,""red"":387165.47,""nh3"":146631.58,""nh3i"":26.7,""fs"":1791467038,""fe"":1791469659}"
2026-10-08T14:02:38+00:00,,38.79,20.31,869.91,0.0,0.0,0.0,0.0,0.0,"{""atmo"":1,""ts"":""2026-10-08T14:02:38.826353+00:00"",""lux"":163.77,""ox"":12903.8,""red"":377802.82,""nh3"":144000.0,""nh3i"":28.0,""fs"":1791467038,""fe"":1791469659}"
2026-10-08T14:02:58+00:00,,38.58,20.5,869.89,0.0,0.0,0.0,0.0,0.0,"{""atmo"":1,""ts"":""2026-10-08T14:02:58.841339+00:00"",""lux"":163.77,""ox"":12980.96,""red"":377802.82,""nh3"":143352.75,""nh3i"":28.3,""fs"":1791467038,""fe"":1791469659}"
2026-10-08T14:03:18+00:00,,38.66,20.46,869.88,0.0,0.0,0.0,0.0,0.0,"{""atmo"":1,""ts"":""2026-10-08T14:03:18.854945+00:00"",""lux"":164.66,""ox"":13058.3,""red"":374769.23,""nh3"":144651.47,""nh3i"":27.7,""fs"":1791467038,""fe"":1791469659}"
2026-10-08T14:03:38+00:00,,38.59,20.51,869.9,0.0,0.0,0.0,0.0,0.0,"{""atmo"":1,""ts"":""2026-10-08T14:03:38.869684+00:00"",""lux"":164.66,""ox"":13291.34,""red"":374769.23,""nh3"":145967.21,""nh3i"":27.0,""fs"":1791467038,""fe"":1791469659}"
2026-10-08T14:03:58+00:00,,38.68,20.46,869.89,0.0,0.0,0.0,0.0,0.0,"{""atmo"":1,""ts"":""2026-10-08T14:03:58.884736+00:00"",""lux"":164.32,""ox"":13291.34,""red"":377802.82,""nh3"":144651.47,""nh3i"":27.7,""fs"":1791467038,""fe"":1791469659}"
2026-10-08T14:04:18+00:00,,38.74,20.37,869.89,0.0,0.0,0.0,0.0,0.0,"{""atmo"":1,""ts"":""2026-10-08T14:04:18.898796+00:00"",""lux"":164.66,""ox"":13213.48,""red"":374769.23,""nh3"":141435.9,""nh3i"":29.3,""fs"":1791467038,""fe"":1791469659}"
2026-10-08T14:04:38+00:00,,38.51,20.58,869.83,0.0,0.0,0.0,0.0,0.0,"{""atmo"":1,""ts"":""2026-10-08T14:04:38.913253+00:00"",""lux"":164.66,""ox"":13291.34,""red"":371777.78,""nh3"":142709.68,""nh3i"":28.6,""fs"":1791467038,""fe"":1791469659}"
2026-10-08T14:04:58+00:00,,38.83,20.32,869.9,0.0,0.0,0.0,0.0,0.0,"{""atmo"":1,""ts"":""2026-10-08T14:04:58.927814+00:00"",""lux"":165.21,""ox"":13369.37,""red"":371777.78,""nh3"":141435.9,""nh3i"":29.3,""fs"":1791467038,""fe"":1791469659}"
2026-10-08T14:05:18+00:00,,39.33,19.96,869.92,0.0,0.0,0.0,0.0,0.0,"{""atmo"":1,""ts"":""2026-10-08T14:05:18.941025+00:00"",""lux"":165.21,""ox"":13447.58,""red"":368827.59,""nh3"":142709.68,""nh3i"":28.6,""fs"":1791467038,""fe"":1791469659}"
2026-10-08T14:05:38+00:00,,39.01,20.06,869.86,0.0,0.0,0.0,0.0,0.0,"{""atmo"":1,""ts"":""2026-10-08T14:05:38.956709+00:00"",""lux"":165.54,""ox"":13525.96,""red"":371777.78,""nh3"":142070.74,""nh3i"":29.0,""fs"":1791467038,""fe"":1791469659}"
2026-10-08T14:05:58+00:00,,38.9,20.19,869.87,0.0,0.0,0.0,0.0,0.0,"{""atmo"":1,""ts"":""2026-10-08T14:05:58.971442+00:00"",""lux"":166.65,""ox"":13604.52,""red"":371777.78,""nh3"":142709.68,""nh3i"":28.6,""fs"":1791467038,""fe"":1791469659}"
2026-10-08T14:06:18+00:00,,38.64,20.49,869.86,0.0,0.0,0.0,0.0,0.0,"{""atmo"":1,""ts"":""2026-10-08T14:06:18.985056+00:00"",""lux"":172.85,""ox"":13525.96,""red"":371777.78,""nh3"":140178.34,""nh3i"":29.9,""fs"":1791467038,""fe"":1791469659}"
2026-10-08T14:06:38+00:00,,38.42,20.72,869.88,0.0,0.0,0.0,0.0,0.0,"{""atmo"":1,""ts"":""2026-10-08T14:06:38.999562+00:00"",""lux"":173.4,""ox"":13604.52,""red"":365917.81,""nh3"":138936.71,""nh3i"":30.5,""fs"":1791467038,""fe"":1791469659}"
2026-10-08T14:06:59+00:00,,38.49,20.72,869.89,0.0,0.0,0.0,0.0,0.0,"{""atmo"":1,""ts"":""2026-10-08T14:06:59.014190+00:00"",""lux"":175.39,""ox"":13604.52,""red"":363047.62,""nh3"":138321.77,""nh3i"":30.8,""fs"":1791467038,""fe"":1791469659}"
2026-10-08T14:07:19+00:00,,38.26,20.87,869.87,0.0,0.0,0.0,0.0,0.0,"{""atmo"":1,""ts"":""2026-10-08T14:07:19.028165+00:00"",""lux"":175.39,""ox"":13683.26,""red"":365917.81,""nh3"":138321.77,""nh3i"":30.8,""fs"":1791467038,""fe"":1791469659}"
2026-10-08T14:07:39+00:00,,38.43,20.7,869.85,0.0,0.0,0.0,0.0,0.0,"{""atmo"":1,""ts"":""2026-10-08T14:07:39.042831+00:00"",""lux"":175.95,""ox"":13683.26,""red"":365917.81,""nh3"":137103.45,""nh3i"":31.4,""fs"":1791467038,""fe"":1791469659}"
2026-10-08T14:07:59+00:00,,38.54,20.65,869.89,0.0,0.0,0.0,0.0,0.0,"{""atmo"":1,""ts"":""2026-10-08T14:07:59.058249+00:00"",""lux"":176.83,""ox"":13683.26,""red"":365917.81,""nh3"":137710.69,""nh3i"":31.1,""fs"":1791467038,""fe"":1791469659}"
2026-10-08T14:08:19+00:00,,38.5,20.66,869.86,0.0,0.0,0.0,0.0,0.0,"{""atmo"":1,""ts"":""2026-10-08T14:08:19.072137+00:00"",""lux"":179.16,""ox"":13683.26,""red"":363047.62,""nh3"":135900.31,""nh3i"":32.0,""fs"":1791467038,""fe"":1791469659}"
2026-10-08T14:08:39+00:00,,38.76,20.48,869.88,0.0,0.0,0.0,0.0,0.0,"{""atmo"":1,""ts"":""2026-10-08T14:08:39.087152+00:00"",""lux"":176.83,""ox"":13762.17,""red"":363047.62,""nh3"":137103.45,""nh3i"":31.4,""fs"":1791467038,""fe"":1791469659}"
2026-10-08T14:08:59+00:00,,38.92,20.32,869.91,0.0,0.0,0.0,0.0,0.0,"{""atmo"":1,""ts"":""2026-10-08T14:08:59.101968+00:00"",""lux"":179.16,""ox"":13762.17,""red"":360216.22,""nh3"":135900.31,""nh3i"":32.0,""fs"":1791467038,""fe"":1791469659}"
2026-10-08T14:09:19+00:00,,38.96,20.26,869.91,0.0,0.0,0.0,0.0,0.0,"{""atmo"":1,""ts"":""2026-10-08T14:09:19.124621+00:00"",""lux"":179.16,""ox"":13841.27,""red"":360216.22,""nh3"":137103.45,""nh3i"":31.4,""fs"":1791467038,""fe"":1791469659}"
2026-10-08T14:09:39+00:00,,39.1,20.09,869.87,0.0,0.0,0.0,0.0,0.0,"{""atmo"":1,""ts"":""2026-10-08T14:09:39.139694+00:00"",""lux"":179.16,""ox"":13920.54,""red"":365917.81,""nh3"":137710.69,""nh3i"":31.1,""fs"":1791467038,""fe"":1791469659}"
2026-10-08T14:09:59+00:00,,38.89,20.29,869.87,0.0,0.0,0.0,0.0,0.0,"{""atmo"":1,""ts"":""2026-10-08T14:09:59.155375+00:00"",""lux"":179.16,""ox"":13920.54,""red"":357422.82,""nh3"":135900.31,""nh3i"":32.0,""fs"":1791467038,""fe"":1791469659}"
2026-10-08T14:10:19+00:00,,39.05,20.14,869.87,0.0,0.0,0.0,0.0,0.0,"{""atmo"":1,""ts"":""2026-10-08T14:10:19.168929+00:00"",""lux"":179.16,""ox"":14079.64,""red"":360216.22,""nh3"":138936.71,""nh3i"":30.5,""fs"":1791467038,""fe"":1791469659}"
2026-10-08T14:10:39+00:00,,38.54,20.6,869.91,0.0,0.0,0.0,0.0,0.0,"{""atmo"":1,""ts"":""2026-10-08T14:10:39.184472+00:00"",""lux"":178.83,""ox"":14079.64,""red"":360216.22,""nh3"":137103.45,""nh3i"":31.4,""fs"":1791467038,""fe"":1791469659}"
2026-10-08T14:10:59+00:00,,38.4,20.8,869.85,0.0,0.0,0.0,0.0,0.0,"{""atmo"":1,""ts"":""2026-10-08T14:10:59.198743+00:00"",""lux"":174.96,""ox"":14000.0,""red"":357422.82,""nh3"":135900.31,""nh3i"":32.0,""fs"":1791467038,""fe"":1791469659}"
2026-10-08T14:11:19+00:00,,38.54,20.68,869.84,0.0,0.0,0.0,0.0,0.0,"{""atmo"":1,""ts"":""2026-10-08T14:11:19.214481+00:00"",""lux"":179.16,""ox"":14079.64,""red"":357422.82,""nh3"":135900.31,""nh3i"":32.0,""fs"":1791467038,""fe"":1791469659}"
2026-10-08T14:11:39+00:00,,38.58,20.63,869.85,0.0,0.0,0.0,0.0,0.0,"{""atmo"":1,""ts"":""2026-10-08T14:11:39.229885+00:00"",""lux"":178.83,""ox"":14079.64,""red"":360216.22,""nh3"":135900.31,""nh3i"":32.0,""fs"":1791467038,""fe"":1791469659}"
2026-10-08T14:11:59+00:00,,38.63,20.51,869.87,0.0,0.0,0.0,0.0,0.0,"{""atmo"":1,""ts"":""2026-10-08T14:11:59.243954+00:00"",""lux"":178.83,""ox"":14159.45,""red"":357422.82,""nh3"":135900.31,""nh3i"":32.0,""fs"":1791467038,""fe"":1791469659}"
2026-10-08T14:12:19+00:00,,38.37,20.82,869.87,0.0,0.0,0.0,0.0,0.0,"{""atmo"":1,""ts"":""2026-10-08T14:12:19.257663+00:00"",""lux"":179.71,""ox"":14159.45,""red"":357422.82,""nh3"":134712.07,""nh3i"":32.6,""fs"":1791467038,""fe"":1791469659}"
2026-10-08T14:12:39+00:00,,38.72,20.53,869.88,0.0,0.0,0.0,0.0,0.0,"{""atmo"":1,""ts"":""2026-10-08T14:12:39.272800+00:00"",""lux"":179.71,""ox"":14159.45,""red"":354666.67,""nh3"":134712.07,""nh3i"":32.6,""fs"":1791467038,""fe"":1791469659}"
2026-10-08T14:12:59+00:00,,38.89,20.34,869.86,0.0,0.0,0.0,0.0,0.0,"{""atmo"":1,""ts"":""2026-10-08T14:12:59.287041+00:00"",""lux"":179.71,""ox"":14079.64,""red"":351947.02,""nh3"":132379.2,""nh3i"":33.8,""fs"":1791467038,""fe"":1791469659}"
2026-10-08T14:13:19+00:00,,38.66,20.52,869.87,0.0,0.0,0.0,0.0,0.0,"{""atmo"":1,""ts"":""2026-10-08T14:13:19.301267+00:00"",""lux"":180.27,""ox"":14159.45,""red"":354666.67,""nh3"":134123.46,""nh3i"":32.9,""fs"":1791467038,""fe"":1791469659}"
2026-10-08T14:13:39+00:00,,38.89,20.68,869.9,0.0,0.0,0.0,0.0,0.0,"{""atmo"":1,""ts"":""2026-10-08T14:13:39.316032+00:00"",""lux"":180.27,""ox"":14239.45,""red"":351947.02,""nh3"":134123.46,""nh3i"":32.9,""fs"":1791467038,""fe"":1791469659}"
2026-10-08T14:13:59+00:00,,38.58,20.75,869.84,0.0,0.0,0.0,0.0,0.0,"{""atmo"":1,""ts"":""2026-10-08T14:13:59.330740+00:00"",""lux"":181.15,""ox"":14319.63,""red"":360216.22,""nh3"":135304.35,""nh3i"":32.3,""fs"":1791467038,""fe"":1791469659}"
2026-10-08T14:14:19+00:00,,38.29,21.07,869.84,0.0,0.0,0.0,0.0,0.0,"{""atmo"":1,""ts"":""2026-10-08T14:14:19.344483+00:00"",""lux"":181.15,""ox"":14400.0,""red"":357422.82,""nh3"":136500.0,""nh3i"":31.8,""fs"":1791467038,""fe"":1791469659}"
2026-10-08T14:14:39+00:00,,38.56,20.72,869.83,0.0,0.0,0.0,0.0,0.0,"{""atmo"":1,""ts"":""2026-10-08T14:14:39.359213+00:00"",""lux"":180.82,""ox"":14480.55,""red"":354666.67,""nh3"":137103.45,""nh3i"":31.4,""fs"":1791467038,""fe"":1791469659}"
2026-10-08T14:14:59+00:00,,38.56,20.74,869.84,0.0,0.0,0.0,0.0,0.0,"{""atmo"":1,""ts"":""2026-10-08T14:14:59.374139+00:00"",""lux"":180.82,""ox"":14561.28,""red"":357422.82,""nh3"":137710.69,""nh3i"":31.1,""fs"":1791467038,""fe"":1791469659}"
2026-10-08T14:15:19+00:00,,38.23,21.09,869.83,0.0,0.0,0.0,0.0,0.0,"{""atmo"":1,""ts"":""2026-10-08T14:15:19.388129+00:00"",""lux"":182.04,""ox"":14723.31,""red"":357422.82,""nh3"":140805.11,""nh3i"":29.6,""fs"":1791467038,""fe"":1791469659}"
2026-10-08T14:15:39+00:00,,38.33,20.96,869.83,0.0,0.0,0.0,0.0,0.0,"{""atmo"":1,""ts"":""2026-10-08T14:15:39.402509+00:00"",""lux"":181.15,""ox"":14804.6,""red"":357422.82,""nh3"":141435.9,""nh3i"":29.3,""fs"":1791467038,""fe"":1791469659}"
2026-10-08T14:15:59+00:00,,38.13,21.13,869.82,0.0,0.0,0.0,0.0,0.0,"{""atmo"":1,""ts"":""2026-10-08T14:15:59.417256+00:00"",""lux"":181.71,""ox"":14886.08,""red"":357422.82,""nh3"":140178.34,""nh3i"":29.9,""fs"":1791467038,""fe"":1791469659}"
2026-10-08T14:16:19+00:00,,38.31,21.04,869.83,0.0,0.0,0.0,0.0,0.0,"{""atmo"":1,""ts"":""2026-10-08T14:16:19.431279+00:00"",""lux"":181.37,""ox"":14967.74,""red"":360216.22,""nh3"":142709.68,""nh3i"":28.6,""fs"":1791467038,""fe"":1791469659}"
2026-10-08T14:16:39+00:00,,38.55,20.8,869.85,0.0,0.0,0.0,0.0,0.0,"{""atmo"":1,""ts"":""2026-10-08T14:16:39.446333+00:00"",""lux"":181.37,""ox"":15131.64,""red"":357422.82,""nh3"":143352.75,""nh3i"":28.3,""fs"":1791467038,""fe"":1791469659}"
2026-10-08T14:16:59+00:00,,39.19,20.29,869.87,0.0,0.0,0.0,0.0,0.0,"{""atmo"":1,""ts"":""2026-10-08T14:16:59.461205+00:00"",""lux"":181.71,""ox"":15049.6,""red"":354666.67,""nh3"":140805.11,""nh3i"":29.6,""fs"":1791467038,""fe"":1791469659}"
2026-10-08T14:17:19+00:00,,39.54,19.89,869.87,0.0,0.0,0.0,0.0,0.0,"{""atmo"":1,""ts"":""2026-10-08T14:17:19.474876+00:00"",""lux"":180.82,""ox"":15131.64,""red"":357422.82,""nh3"":142070.74,""nh3i"":29.0,""fs"":1791467038,""fe"":1791469659}"
2026-10-08T14:17:39+00:00,,39.06,20.21,869.89,0.0,0.0,0.0,0.0,0.0,"{""atmo"":1,""ts"":""2026-10-08T14:17:39.489367+00:00"",""lux"":181.15,""ox"":15131.64,""red"":357422.82,""nh3"":142070.74,""nh3i"":29.0,""fs"":1791467038,""fe"":1791469659}"
2026-10-08T14:17:59+00:00,,38.9,20.44,869.87,0.0,0.0,0.0,0.0,0.0,"{""atmo"":1,""ts"":""2026-10-08T14:17:59.508248+00:00"",""lux"":179.5,""ox"":15131.64,""red"":354666.67,""nh3"":140178.34,""nh3i"":29.9,""fs"":1791467038,""fe"":1791469659}"
2026-10-08T14:18:19+00:00,,39.19,20.18,869.89,0.0,0.0,0.0,0.0,0.0,"{""atmo"":1,""ts"":""2026-10-08T14:18:19.522778+00:00"",""lux"":179.71,""ox"":15131.64,""red"":357422.82,""nh3"":140805.11,""nh3i"":29.6,""fs"":1791467038,""fe"":1791469659}"
2026-10-08T14:18:39+00:00,,39.11,20.24,869.89,0.0,0.0,0.0,0.0,0.0,"{""atmo"":1,""ts"":""2026-10-08T14:18:39.537427+00:00"",""lux"":180.27,""ox"":15296.3,""red"":357422.82,""nh3"":141435.9,""nh3i"":29.3,""fs"":1791467038,""fe"":1791469659}"
2026-10-08T14:18:59+00:00,,38.87,20.51,869.9,0.0,0.0,0.0,0.0,0.0,"{""atmo"":1,""ts"":""2026-10-08T14:18:59.552341+00:00"",""lux"":180.82,""ox"":15296.3,""red"":357422.82,""nh3"":140805.11,""nh3i"":29.6,""fs"":1791467038,""fe"":1791469659}"
2026-10-08T14:19:19+00:00,,38.68,20.73,869.88,0.0,0.0,0.0,0.0,0.0,"{""atmo"":1,""ts"":""2026-10-08T14:19:19.566020+00:00"",""lux"":180.82,""ox"":15213.87,""red"":357422.82,""nh3"":140178.34,""nh3i"":29.9,""fs"":1791467038,""fe"":1791469659}"
2026-10-08T14:19:39+00:00,,38.46,21.02,869.86,0.0,0.0,0.0,0.0,0.0,"{""atmo"":1,""ts"":""2026-10-08T14:19:39.582002+00:00"",""lux"":180.82,""ox"":15296.3,""red"":357422.82,""nh3"":140805.11,""nh3i"":29.6,""fs"":1791467038,""fe"":1791469659}"
2026-10-08T14:19:59+00:00,,38.64,20.86,869.89,0.0,0.0,0.0,0.0,0.0,"{""atmo"":1,""ts"":""2026-10-08T14:19:59.600011+00:00"",""lux"":180.82,""ox"":15296.3,""red"":354666.67,""nh3"":140178.34,""nh3i"":29.9,""fs"":1791467038,""fe"":1791469659}"
2026-10-08T14:20:19+00:00,,38.89,20.56,869.89,0.0,0.0,0.0,0.0,0.0,"{""atmo"":1,""ts"":""2026-10-08T14:20:19.613970+00:00"",""lux"":180.82,""ox"":15296.3,""red"":351947.02,""nh3"":137710.69,""nh3i"":31.1,""fs"":1791467038,""fe"":1791469659}"
2026-10-08T14:20:39+00:00,,38.89,20.54,869.92,0.0,0.0,0.0,0.0,0.0,"{""atmo"":1,""ts"":""2026-10-08T14:20:39.628904+00:00"",""lux"":181.49,""ox"":15131.64,""red"":349263.16,""nh3"":133538.46,""nh3i"":33.2,""fs"":1791467038,""fe"":1791469659}"
2026-10-08T14:20:59+00:00,,38.84,20.61,869.9,0.0,0.0,0.0,0.0,0.0,"{""atmo"":1,""ts"":""2026-10-08T14:20:59.644327+00:00"",""lux"":179.16,""ox"":14967.74,""red"":346614.38,""nh3"":131234.04,""nh3i"":34.4,""fs"":1791467038,""fe"":1791469659}"
2026-10-08T14:21:19+00:00,,38.57,20.86,869.9,0.0,0.0,0.0,0.0,0.0,"{""atmo"":1,""ts"":""2026-10-08T14:21:19.658318+00:00"",""lux"":179.71,""ox"":15049.6,""red"":349263.16,""nh3"":133538.46,""nh3i"":33.2,""fs"":1791467038,""fe"":1791469659}"
2026-10-08T14:21:39+00:00,,38.61,20.96,869.92,0.0,0.0,0.0,0.0,0.0,"{""atmo"":1,""ts"":""2026-10-08T14:21:39.674390+00:00"",""lux"":179.83,""ox"":15131.64,""red"":349263.16,""nh3"":134712.07,""nh3i"":32.6,""fs"":1791467038,""fe"":1791469659}"
2026-10-08T14:21:59+00:00,,38.94,20.68,869.93,0.0,0.0,0.0,0.0,0.0,"{""atmo"":1,""ts"":""2026-10-08T14:21:59.689200+00:00"",""lux"":179.5,""ox"":15213.87,""red"":351947.02,""nh3"":135900.31,""nh3i"":32.0,""fs"":1791467038,""fe"":1791469659}"
2026-10-08T14:22:19+00:00,,39.14,20.6,869.86,0.0,0.0,0.0,0.0,0.0,"{""atmo"":1,""ts"":""2026-10-08T14:22:19.702956+00:00"",""lux"":179.5,""ox"":15296.3,""red"":349263.16,""nh3"":135900.31,""nh3i"":32.0,""fs"":1791467038,""fe"":1791469659}"
2026-10-08T14:22:39+00:00,,39.47,20.19,869.84,0.0,0.0,0.0,0.0,0.0,"{""atmo"":1,""ts"":""2026-10-08T14:22:39.717616+00:00"",""lux"":177.17,""ox"":15296.3,""red"":349263.16,""nh3"":134712.07,""nh3i"":32.6,""fs"":1791467038,""fe"":1791469659}"
2026-10-08T14:22:59+00:00,,39.34,20.25,869.85,0.0,0.0,0.0,0.0,0.0,"{""atmo"":1,""ts"":""2026-10-08T14:22:59.732353+00:00"",""lux"":171.86,""ox"":15213.87,""red"":346614.38,""nh3"":132379.2,""nh3i"":33.8,""fs"":1791467038,""fe"":1791469659}"
2026-10-08T14:23:19+00:00,,39.16,20.44,870.0,0.0,0.0,0.0,0.0,0.0,"{""atmo"":1,""ts"":""2026-10-08T14:23:19.746190+00:00"",""lux"":172.19,""ox"":15296.3,""red"":349263.16,""nh3"":134712.07,""nh3i"":32.6,""fs"":1791467038,""fe"":1791469659}"
2026-10-08T14:23:39+00:00,,39.55,20.14,869.96,0.0,0.0,0.0,0.0,0.0,"{""atmo"":1,""ts"":""2026-10-08T14:23:39.760993+00:00"",""lux"":169.53,""ox"":15296.3,""red"":349263.16,""nh3"":134123.46,""nh3i"":32.9,""fs"":1791467038,""fe"":1791469659}"
2026-10-08T14:23:59+00:00,,40.21,19.51,869.94,0.0,0.0,0.0,0.0,0.0,"{""atmo"":1,""ts"":""2026-10-08T14:23:59.775739+00:00"",""lux"":168.64,""ox"":15461.72,""red"":354666.67,""nh3"":137103.45,""nh3i"":31.4,""fs"":1791467038,""fe"":1791469659}"
2026-10-08T14:24:19+00:00,,40.19,19.45,869.94,0.0,0.0,0.0,0.0,0.0,"{""atmo"":1,""ts"":""2026-10-08T14:24:19.789463+00:00"",""lux"":168.42,""ox"":15711.29,""red"":357422.82,""nh3"":140805.11,""nh3i"":29.6,""fs"":1791467038,""fe"":1791469659}"
2026-10-08T14:24:39+00:00,,39.78,19.85,869.94,0.0,0.0,0.0,0.0,0.0,"{""atmo"":1,""ts"":""2026-10-08T14:24:39.804407+00:00"",""lux"":167.54,""ox"":15627.91,""red"":351947.02,""nh3"":137710.69,""nh3i"":31.1,""fs"":1791467038,""fe"":1791469659}"
2026-10-08T14:24:59+00:00,,39.76,19.84,869.94,0.0,0.0,0.0,0.0,0.0,"{""atmo"":1,""ts"":""2026-10-08T14:24:59.818892+00:00"",""lux"":167.87,""ox"":15627.91,""red"":351947.02,""nh3"":138321.77,""nh3i"":30.8,""fs"":1791467038,""fe"":1791469659}"
2026-10-08T14:25:19+00:00,,39.4,20.17,869.95,0.0,0.0,0.0,0.0,0.0,"{""atmo"":1,""ts"":""2026-10-08T14:25:19.833331+00:00"",""lux"":166.65,""ox"":15378.91,""red"":346614.38,""nh3"":132957.06,""nh3i"":33.5,""fs"":1791467038,""fe"":1791469659}"
2026-10-08T14:25:39+00:00,,39.32,20.25,869.99,0.0,0.0,0.0,0.0,0.0,"{""atmo"":1,""ts"":""2026-10-08T14:25:39.848466+00:00"",""lux"":166.43,""ox"":15378.91,""red"":344000.0,""nh3"":131804.88,""nh3i"":34.1,""fs"":1791467038,""fe"":1791469659}"
2026-10-08T14:25:59+00:00,,39.64,20.0,869.93,0.0,0.0,0.0,0.0,0.0,"{""atmo"":1,""ts"":""2026-10-08T14:25:59.862392+00:00"",""lux"":165.54,""ox"":15461.72,""red"":349263.16,""nh3"":134123.46,""nh3i"":32.9,""fs"":1791467038,""fe"":1791469659}"
2026-10-08T14:26:19+00:00,,39.88,19.8,869.95,0.0,0.0,0.0,0.0,0.0,"{""atmo"":1,""ts"":""2026-10-08T14:26:19.876133+00:00"",""lux"":164.66,""ox"":15544.72,""red"":349263.16,""nh3"":134712.07,""nh3i"":32.6,""fs"":1791467038,""fe"":1791469659}"
2026-10-08T14:26:39+00:00,,40.09,19.59,869.95,0.0,0.0,0.0,0.0,0.0,"{""atmo"":1,""ts"":""2026-10-08T14:26:39.891174+00:00"",""lux"":164.66,""ox"":15544.72,""red"":351947.02,""nh3"":135304.35,""nh3i"":32.3,""fs"":1791467038,""fe"":1791469659}"
2026-10-08T14:26:59+00:00,,39.8,19.79,869.93,0.0,0.0,0.0,0.0,0.0,"{""atmo"":1,""ts"":""2026-10-08T14:26:59.908224+00:00"",""lux"":164.66,""ox"":15627.91,""red"":349263.16,""nh3"":136500.0,""nh3i"":31.8,""fs"":1791467038,""fe"":1791469659}"
2026-10-08T14:27:19+00:00,,39.54,20.06,869.92,0.0,0.0,0.0,0.0,0.0,"{""atmo"":1,""ts"":""2026-10-08T14:27:19.929074+00:00"",""lux"":163.77,""ox"":15627.91,""red"":351947.02,""nh3"":135900.31,""nh3i"":32.0,""fs"":1791467038,""fe"":1791469659}"
2026-10-08T14:27:39+00:00,,39.39,20.23,869.96,0.0,0.0,0.0,0.0,0.0,"{""atmo"":1,""ts"":""2026-10-08T14:27:39.943816+00:00"",""lux"":163.77,""ox"":15544.72,""red"":346614.38,""nh3"":133538.46,""nh3i"":33.2,""fs"":1791467038,""fe"":1791469659}"
