timestamp_sast,oxidising_index,reducing_index,nh3_index,co_index,no2_index,oxidising_index_trend,reducing_index_trend,nh3_index_trend,co_index_trend,no2_index_trend
2026-10-09 11:00:00.366145+02:00,0.0,57.7,96.5,57.7,0.0,stable,stable,stable,stable,stable
2026-10-09 11:00:20.379862+02:00,0.0,52.5,96.1,52.5,0.0,stable,falling,stable,falling,stable
2026-10-09 11:00:40.393238+02:00,0.0,57.0,96.5,57.0,0.0,stable,stable,stable,stable,stable
2026-10-09 11:01:00.406300+02:00,0.0,40.5,95.5,40.5,0.0,stable,falling,stable,falling,stable
2026-10-09 11:01:20.419728+02:00,0.0,54.8,96.4,54.8,0.0,stable,rising,stable,rising,stable
2026-10-09 11:01:40.433263+02:00,0.0,55.9,96.5,55.9,0.0,stable,rising,stable,rising,stable
2026-10-09 11:02:00.447407+02:00,0.0,55.5,96.5,55.5,0.0,stable,rising,stable,rising,stable
2026-10-09 11:02:20.461059+02:00,0.0,55.7,96.5,55.7,0.0,stable,rising,stable,rising,stable
2026-10-09 11:02:40.473623+02:00,0.0,50.8,96.0,50.8,0.0,stable,falling,stable,falling,stable
2026-10-09 11:03:00.488568+02:00,0.0,29.3,95.0,29.3,0.0,stable,falling,stable,falling,stable
2026-10-09 11:03:20.501980+02:00,0.0,40.0,95.6,40.0,0.0,stable,falling,stable,falling,stable
2026-10-09 11:03:40.515324+02:00,0.0,43.4,95.7,43.4,0.0,stable,stable,stable,stable,stable
2026-10-09 11:04:00.528319+02:00,0.0,51.2,96.2,51.2,0.0,stable,rising,stable,rising,stable
2026-10-09 11:04:20.542465+02:00,0.0,56.4,96.4,56.4,0.0,stable,rising,stable,rising,stable
2026-10-09 11:04:40.555757+02:00,0.0,21.1,95.2,21.1,0.0,stable,falling,stable,falling,stable
2026-10-09 11:05:00.569452+02:00,0.0,25.3,95.2,25.3,0.0,stable,falling,stable,falling,stable
2026-10-09 11:05:20.582885+02:00,0.0,11.8,94.8,11.8,0.0,stable,falling,stable,falling,stable
2026-10-09 11:05:40.596591+02:00,0.0,27.3,95.1,27.3,0.0,stable,stable,stable,stable,stable
2026-10-09 11:06:00.609926+02:00,0.0,14.3,94.7,14.3,0.0,stable,falling,stable,falling,stable
2026-10-09 11:06:20.623556+02:00,0.0,0.0,94.4,0.0,0.0,stable,falling,stable,falling,stable
2026-10-09 11:06:40.636979+02:00,0.0,0.0,93.5,0.0,0.0,stable,falling,stable,falling,stable
2026-10-09 11:07:00.650946+02:00,0.0,0.0,93.8,0.0,0.0,stable,falling,stable,falling,stable
2026-10-09 11:07:20.664350+02:00,0.0,31.1,95.3,31.1,0.0,stable,rising,stable,rising,stable
2026-10-09 11:07:40.678125+02:00,0.0,7.7,94.8,7.7,0.0,stable,stable,stable,stable,stable
2026-10-09 11:08:00.691495+02:00,0.0,18.0,94.8,18.0,0.0,stable,rising,stable,rising,stable
2026-10-09 11:08:20.705097+02:00,0.0,10.4,95.0,10.4,0.0,stable,falling,stable,falling,stable
2026-10-09 11:08:40.718705+02:00,0.0,36.9,95.3,36.9,0.0,stable,rising,stable,rising,stable
2026-10-09 11:09:00.732089+02:00,0.0,0.0,94.3,0.0,0.0,stable,falling,stable,falling,stable
2026-10-09 11:09:20.745426+02:00,0.0,29.6,94.8,29.6,0.0,stable,rising,stable,rising,stable
2026-10-09 11:09:40.758869+02:00,0.0,12.6,94.3,12.6,0.0,stable,falling,stable,falling,stable
2026-10-09 11:10:00.773092+02:00,0.0,0.2,94.0,0.2,0.0,stable,falling,stable,falling,stable
2026-10-09 11:10:20.786628+02:00,0.0,16.0,94.3,16.0,0.0,stable,rising,stable,rising,stable
2026-10-09 11:10:40.800441+02:00,0.0,22.5,94.8,22.5,0.0,stable,rising,stable,rising,stable
2026-10-09 11:11:00.813844+02:00,0.0,39.7,95.4,39.7,0.0,stable,rising,stable,rising,stable
2026-10-09 11:11:20.827859+02:00,0.0,26.7,94.5,26.7,0.0,stable,rising,stable,rising,stable
2026-10-09 11:11:40.841499+02:00,0.0,36.6,95.2,36.6,0.0,stable,rising,stable,rising,stable
2026-10-09 11:12:00.854919+02:00,0.0,22.9,94.8,22.9,0.0,stable,falling,stable,falling,stable
2026-10-09 11:12:20.868855+02:00,0.0,29.6,94.3,29.6,0.0,stable,stable,stable,stable,stable
2026-10-09 11:12:40.882386+02:00,0.0,27.7,94.2,27.7,0.0,stable,stable,stable,stable,stable
2026-10-09 11:13:00.896716+02:00,0.0,18.0,93.2,18.0,0.0,stable,falling,stable,falling,stable
2026-10-09 11:13:20.910002+02:00,0.0,36.9,94.2,36.9,0.0,stable,rising,stable,rising,stable
2026-10-09 11:13:40.923441+02:00,0.0,37.9,94.7,37.9,0.0,stable,rising,stable,rising,stable
2026-10-09 11:14:00.936915+02:00,0.0,32.6,94.4,32.6,0.0,stable,stable,stable,stable,stable
2026-10-09 11:14:20.950380+02:00,0.0,45.0,94.7,45.0,0.0,stable,rising,stable,rising,stable
2026-10-09 11:14:40.963775+02:00,0.0,49.6,95.1,49.6,0.0,stable,rising,stable,rising,stable
2026-10-09 11:15:00.977375+02:00,0.0,35.8,94.8,35.8,0.0,stable,falling,stable,falling,stable
2026-10-09 11:15:20.990803+02:00,0.0,41.0,95.0,41.0,0.0,stable,stable,stable,stable,stable
2026-10-09 11:15:41.004607+02:00,0.0,34.7,94.7,34.7,0.0,stable,falling,stable,falling,stable
2026-10-09 11:16:01.018217+02:00,0.0,47.4,95.3,47.4,0.0,stable,rising,stable,rising,stable
2026-10-09 11:16:21.031982+02:00,0.0,27.7,94.8,27.7,0.0,stable,falling,stable,falling,stable
2026-10-09 11:16:41.045258+02:00,0.0,49.8,95.3,49.8,0.0,stable,rising,stable,rising,stable
2026-10-09 11:17:01.059663+02:00,0.0,49.6,95.2,49.6,0.0,stable,rising,stable,rising,stable
2026-10-09 11:17:21.072970+02:00,0.0,35.8,94.4,35.8,0.0,stable,falling,stable,falling,stable
2026-10-09 11:17:41.086503+02:00,0.0,37.4,94.4,37.4,0.0,stable,falling,stable,falling,stable
2026-10-09 11:18:01.100363+02:00,0.0,36.9,94.8,36.9,0.0,stable,falling,stable,falling,stable
2026-10-09 11:18:21.113722+02:00,0.0,43.8,95.1,43.8,0.0,stable,rising,stable,rising,stable
2026-10-09 11:18:41.127279+02:00,0.0,28.0,93.7,28.0,0.0,stable,falling,stable,falling,stable
2026-10-09 11:19:01.140571+02:00,0.0,27.3,93.1,27.3,0.0,stable,falling,stable,falling,stable
2026-10-09 11:19:21.154036+02:00,0.0,16.8,92.6,16.8,0.0,stable,falling,stable,falling,stable
2026-10-09 11:19:41.167552+02:00,0.0,17.2,92.3,17.2,0.0,stable,falling,stable,falling,stable
2026-10-09 11:20:01.181172+02:00,0.0,14.3,90.8,14.3,0.0,stable,falling,stable,falling,stable
2026-10-09 11:20:21.195109+02:00,0.0,40.3,92.6,40.3,0.0,stable,rising,stable,rising,stable
2026-10-09 11:20:41.209327+02:00,0.0,26.3,92.1,26.3,0.0,stable,rising,stable,rising,stable
2026-10-09 11:21:01.222579+02:00,0.0,30.5,91.8,30.5,0.0,stable,rising,stable,rising,stable
2026-10-09 11:21:21.236156+02:00,0.0,29.6,92.4,29.6,0.0,stable,stable,stable,stable,stable
2026-10-09 11:21:41.249643+02:00,0.0,27.3,91.6,27.3,0.0,stable,falling,stable,falling,stable
2026-10-09 11:22:01.263272+02:00,0.0,50.8,93.8,50.8,0.0,stable,rising,stable,rising,stable
2026-10-09 11:22:21.276972+02:00,0.0,51.6,94.2,51.6,0.0,stable,rising,stable,rising,stable
2026-10-09 11:22:41.290560+02:00,0.0,54.5,94.2,54.5,0.0,stable,rising,stable,rising,stable
2026-10-09 11:23:01.304009+02:00,0.0,39.7,92.9,39.7,0.0,stable,falling,stable,falling,stable
2026-10-09 11:23:21.317492+02:00,0.0,56.7,94.3,56.7,0.0,stable,rising,stable,rising,stable
2026-10-09 11:23:41.330763+02:00,0.0,55.0,94.4,55.0,0.0,stable,rising,stable,rising,stable
2026-10-09 11:24:01.344703+02:00,0.0,50.8,94.5,50.8,0.0,stable,stable,stable,stable,stable
2026-10-09 11:24:21.358185+02:00,0.0,46.3,93.9,46.3,0.0,stable,falling,stable,falling,stable
2026-10-09 11:24:41.371997+02:00,0.0,55.0,94.5,55.0,0.0,stable,rising,stable,rising,stable
2026-10-09 11:25:01.385723+02:00,0.0,58.0,94.7,58.0,0.0,stable,rising,stable,rising,stable
2026-10-09 11:25:21.399491+02:00,0.0,53.1,93.4,53.1,0.0,stable,stable,stable,stable,stable
2026-10-09 11:25:41.413158+02:00,0.0,55.0,94.4,55.0,0.0,stable,stable,stable,stable,stable
2026-10-09 11:26:01.427009+02:00,0.0,58.8,94.4,58.8,0.0,stable,rising,stable,rising,stable
2026-10-09 11:26:21.440303+02:00,0.0,49.4,93.5,49.4,0.0,stable,falling,stable,falling,stable
2026-10-09 11:26:41.454119+02:00,0.0,54.5,93.7,54.5,0.0,stable,stable,stable,stable,stable
2026-10-09 11:27:01.468165+02:00,0.0,44.1,92.9,44.1,0.0,stable,falling,stable,falling,stable
2026-10-09 11:27:21.481572+02:00,0.0,34.7,92.3,34.7,0.0,stable,falling,stable,falling,stable
2026-10-09 11:27:41.495313+02:00,0.0,52.3,93.2,52.3,0.0,stable,rising,stable,rising,stable
2026-10-09 11:28:01.508498+02:00,0.0,52.0,93.0,52.0,0.0,stable,rising,stable,rising,stable
2026-10-09 11:28:21.521779+02:00,0.0,56.0,93.4,56.0,0.0,stable,rising,stable,rising,stable
2026-10-09 11:28:41.535218+02:00,0.0,55.7,93.3,55.7,0.0,stable,rising,stable,rising,stable
2026-10-09 11:29:01.547989+02:00,0.0,55.4,93.8,55.4,0.0,stable,stable,stable,stable,stable
2026-10-09 11:29:21.561762+02:00,0.0,57.5,94.3,57.5,0.0,stable,rising,stable,rising,stable
2026-10-09 11:29:41.575136+02:00,0.0,56.5,93.9,56.5,0.0,stable,stable,stable,stable,stable
2026-10-09 11:30:01.589680+02:00,0.0,44.5,93.1,44.5,0.0,stable,falling,stable,falling,stable
2026-10-09 11:30:21.603215+02:00,0.0,46.7,91.8,46.7,0.0,stable,falling,stable,falling,stable
2026-10-09 11:30:41.616674+02:00,0.0,40.0,91.5,40.0,0.0,stable,falling,stable,falling,stable
2026-10-09 11:31:01.629739+02:00,0.0,38.7,90.8,38.7,0.0,stable,falling,stable,falling,stable
2026-10-09 11:31:21.643577+02:00,0.0,48.8,93.0,48.8,0.0,stable,rising,stable,rising,stable
2026-10-09 11:31:41.657088+02:00,0.0,42.7,91.6,42.7,0.0,stable,stable,stable,stable,stable
2026-10-09 11:32:01.670580+02:00,0.0,41.7,91.8,41.7,0.0,stable,stable,stable,stable,stable
2026-10-09 11:32:21.684119+02:00,0.0,50.4,91.8,50.4,0.0,stable,rising,stable,rising,stable
2026-10-09 11:32:41.697902+02:00,0.0,42.0,91.2,42.0,0.0,stable,falling,stable,falling,stable
2026-10-09 11:33:01.711208+02:00,0.0,49.4,92.0,49.4,0.0,stable,rising,stable,rising,stable
2026-10-09 11:33:21.724554+02:00,0.0,53.2,92.6,53.2,0.0,stable,rising,stable,rising,stable
2026-10-09 11:33:41.737695+02:00,0.0,45.4,91.6,45.4,0.0,stable,falling,stable,falling,stable
2026-10-09 11:34:01.751122+02:00,0.0,44.3,91.8,44.3,0.0,stable,falling,stable,falling,stable
2026-10-09 11:34:21.764993+02:00,0.0,34.7,90.7,34.7,0.0,stable,falling,stable,falling,stable
2026-10-09 11:34:41.778392+02:00,0.0,32.6,89.1,32.6,0.0,stable,falling,falling,falling,stable
2026-10-09 11:35:01.792479+02:00,0.0,50.2,91.1,50.2,0.0,stable,rising,stable,rising,stable
2026-10-09 11:35:21.806295+02:00,0.0,39.0,89.5,39.0,0.0,stable,stable,stable,stable,stable
2026-10-09 11:35:41.819508+02:00,0.0,38.2,90.5,38.2,0.0,stable,stable,stable,stable,stable
2026-10-09 11:36:01.832877+02:00,0.0,38.5,89.0,38.5,0.0,stable,stable,stable,stable,stable
2026-10-09 11:36:21.846238+02:00,0.0,50.2,90.3,50.2,0.0,stable,rising,stable,rising,stable
2026-10-09 11:36:41.859591+02:00,0.0,51.0,91.7,51.0,0.0,stable,rising,stable,rising,stable
2026-10-09 11:37:01.873061+02:00,0.0,54.5,91.1,54.5,0.0,stable,rising,stable,rising,stable
2026-10-09 11:37:21.887990+02:00,0.0,56.2,91.8,56.2,0.0,stable,rising,stable,rising,stable
2026-10-09 11:37:41.902089+02:00,0.0,50.2,92.1,50.2,0.0,stable,falling,stable,falling,stable
2026-10-09 11:38:01.915440+02:00,0.0,45.0,89.8,45.0,0.0,stable,falling,stable,falling,stable
2026-10-09 11:38:21.928860+02:00,0.0,37.4,89.9,37.4,0.0,stable,falling,stable,falling,stable
2026-10-09 11:38:41.942347+02:00,0.0,44.5,89.3,44.5,0.0,stable,falling,stable,falling,stable
2026-10-09 11:39:01.955879+02:00,0.0,55.9,91.6,55.9,0.0,stable,rising,stable,rising,stable
2026-10-09 11:39:21.969169+02:00,0.0,41.5,90.0,41.5,0.0,stable,falling,stable,falling,stable
2026-10-09 11:39:41.983195+02:00,0.0,51.4,91.3,51.4,0.0,stable,rising,stable,rising,stable
2026-10-09 11:40:01.996517+02:00,0.0,46.3,90.0,46.3,0.0,stable,stable,stable,stable,stable
2026-10-09 11:40:22.010108+02:00,0.0,37.1,88.5,37.1,0.0,stable,falling,stable,falling,stable
2026-10-09 11:40:42.023346+02:00,0.0,40.5,88.0,40.5,0.0,stable,falling,stable,falling,stable
2026-10-09 11:41:02.036916+02:00,0.0,49.0,90.0,49.0,0.0,stable,rising,stable,rising,stable
2026-10-09 11:41:22.050363+02:00,0.0,49.8,89.5,49.8,0.0,stable,rising,stable,rising,stable
2026-10-09 11:41:42.063631+02:00,0.0,39.2,89.0,39.2,0.0,stable,falling,stable,falling,stable
2026-10-09 11:42:02.076991+02:00,0.0,40.3,88.2,40.3,0.0,stable,falling,stable,falling,stable
2026-10-09 11:42:22.090588+02:00,0.0,38.7,87.6,38.7,0.0,stable,falling,stable,falling,stable
2026-10-09 11:42:42.103950+02:00,0.0,40.7,87.4,40.7,0.0,stable,stable,stable,stable,stable
2026-10-09 11:43:02.117987+02:00,0.0,46.3,87.4,46.3,0.0,stable,rising,stable,rising,stable
2026-10-09 11:43:22.131306+02:00,0.0,38.7,88.1,38.7,0.0,stable,falling,stable,falling,stable
2026-10-09 11:43:42.145152+02:00,0.0,50.2,87.9,50.2,0.0,stable,rising,stable,rising,stable
2026-10-09 11:44:02.158598+02:00,0.0,51.8,89.3,51.8,0.0,stable,rising,stable,rising,stable
2026-10-09 11:44:22.172293+02:00,0.0,39.0,87.3,39.0,0.0,stable,falling,stable,falling,stable
2026-10-09 11:44:42.185720+02:00,0.0,44.3,87.7,44.3,0.0,stable,stable,stable,stable,stable
2026-10-09 11:45:02.199736+02:00,0.0,45.2,86.8,45.2,0.0,stable,stable,stable,stable,stable
2026-10-09 11:45:22.213146+02:00,0.0,49.0,87.6,49.0,0.0,stable,rising,stable,rising,stable
2026-10-09 11:45:42.226624+02:00,0.0,44.3,87.0,44.3,0.0,stable,stable,stable,stable,stable
2026-10-09 11:46:02.239794+02:00,0.0,47.6,87.1,47.6,0.0,stable,stable,stable,stable,stable
2026-10-09 11:46:22.254479+02:00,0.0,51.0,88.3,51.0,0.0,stable,rising,stable,rising,stable
2026-10-09 11:46:42.267848+02:00,0.0,48.8,86.5,48.8,0.0,stable,stable,stable,stable,stable
2026-10-09 11:47:02.281500+02:00,0.0,49.0,86.7,49.0,0.0,stable,stable,stable,stable,stable
2026-10-09 11:47:22.294846+02:00,0.0,42.9,85.5,42.9,0.0,stable,falling,stable,falling,stable
2026-10-09 11:47:42.308246+02:00,0.0,49.0,87.0,49.0,0.0,stable,stable,stable,stable,stable
2026-10-09 11:48:02.321608+02:00,0.0,47.2,87.4,47.2,0.0,stable,stable,stable,stable,stable
2026-10-09 11:48:22.334814+02:00,0.0,39.7,86.4,39.7,0.0,stable,falling,stable,falling,stable
2026-10-09 11:48:42.348610+02:00,0.0,43.2,83.6,43.2,0.0,stable,stable,falling,stable,stable
2026-10-09 11:49:02.362196+02:00,0.0,43.4,85.5,43.4,0.0,stable,stable,stable,stable,stable
2026-10-09 11:49:22.375508+02:00,0.0,39.5,84.3,39.5,0.0,stable,falling,stable,falling,stable
2026-10-09 11:49:42.389162+02:00,0.0,42.0,85.0,42.0,0.0,stable,stable,stable,stable,stable
2026-10-09 11:50:02.403719+02:00,0.0,48.6,85.9,48.6,0.0,stable,rising,stable,rising,stable
2026-10-09 11:50:22.417457+02:00,0.0,43.4,85.3,43.4,0.0,stable,stable,stable,stable,stable
2026-10-09 11:50:42.430816+02:00,0.0,43.8,84.9,43.8,0.0,stable,stable,stable,stable,stable
2026-10-09 11:51:02.444261+02:00,0.0,33.2,80.8,33.2,0.0,stable,falling,falling,falling,stable
2026-10-09 11:51:22.457472+02:00,0.0,42.7,82.0,42.7,0.0,stable,stable,stable,stable,stable
2026-10-09 11:51:42.470909+02:00,0.0,34.1,81.3,34.1,0.0,stable,falling,stable,falling,stable
2026-10-09 11:52:02.484471+02:00,0.0,38.5,81.5,38.5,0.0,stable,stable,stable,stable,stable
2026-10-09 11:52:22.497771+02:00,0.0,34.4,81.3,34.4,0.0,stable,falling,stable,falling,stable
2026-10-09 11:52:42.511283+02:00,0.0,42.7,81.6,42.7,0.0,stable,rising,stable,rising,stable
2026-10-09 11:53:02.525245+02:00,0.0,43.4,82.8,43.4,0.0,stable,rising,stable,rising,stable
2026-10-09 11:53:22.538879+02:00,0.0,42.2,83.9,42.2,0.0,stable,stable,stable,stable,stable
2026-10-09 11:53:42.552363+02:00,0.0,44.8,82.3,44.8,0.0,stable,rising,stable,rising,stable
2026-10-09 11:54:02.566001+02:00,0.0,43.2,83.4,43.2,0.0,stable,stable,stable,stable,stable
2026-10-09 11:54:22.579582+02:00,0.0,42.0,81.6,42.0,0.0,stable,stable,stable,stable,stable
2026-10-09 11:54:42.592961+02:00,0.0,41.5,83.0,41.5,0.0,stable,stable,stable,stable,stable
2026-10-09 11:55:02.606250+02:00,0.0,34.7,79.7,34.7,0.0,stable,falling,falling,falling,stable
2026-10-09 11:55:22.619669+02:00,0.0,36.6,78.6,36.6,0.0,stable,falling,falling,falling,stable
2026-10-09 11:55:42.633060+02:00,0.0,32.3,77.8,32.3,0.0,stable,falling,falling,falling,stable
2026-10-09 11:56:02.646232+02:00,0.0,43.6,80.8,43.6,0.0,stable,rising,stable,rising,stable
2026-10-09 11:56:22.659914+02:00,0.0,45.4,81.9,45.4,0.0,stable,rising,rising,rising,stable
2026-10-09 11:56:42.673262+02:00,0.0,41.2,80.8,41.2,0.0,stable,stable,stable,stable,stable
2026-10-09 11:57:02.687736+02:00,0.0,44.5,81.4,44.5,0.0,stable,rising,stable,rising,stable
2026-10-09 11:57:22.701161+02:00,0.0,36.3,79.5,36.3,0.0,stable,falling,stable,falling,stable
2026-10-09 11:57:42.714759+02:00,0.0,34.7,78.8,34.7,0.0,stable,falling,stable,falling,stable
2026-10-09 11:58:02.728077+02:00,0.0,42.9,79.9,42.9,0.0,stable,rising,stable,rising,stable
2026-10-09 11:58:22.741577+02:00,0.0,43.6,80.8,43.6,0.0,stable,rising,stable,rising,stable
2026-10-09 11:58:42.754938+02:00,0.0,38.2,79.3,38.2,0.0,stable,stable,stable,stable,stable
2026-10-09 11:59:02.768770+02:00,0.0,39.7,78.1,39.7,0.0,stable,stable,stable,stable,stable
2026-10-09 11:59:22.782543+02:00,0.0,39.0,78.6,39.0,0.0,stable,stable,stable,stable,stable
2026-10-09 11:59:42.796327+02:00,0.0,37.1,77.9,37.1,0.0,stable,falling,stable,falling,stable
2026-10-09 12:00:02.809601+02:00,0.0,42.4,78.7,42.4,0.0,stable,rising,stable,rising,stable
2026-10-09 12:00:22.823226+02:00,0.0,39.0,79.1,39.0,0.0,stable,stable,stable,stable,stable
2026-10-09 12:00:42.836486+02:00,0.0,37.1,77.3,37.1,0.0,stable,stable,stable,stable,stable
2026-10-09 12:01:02.849836+02:00,0.0,37.4,76.0,37.4,0.0,stable,stable,stable,stable,stable
2026-10-09 12:01:22.863474+02:00,0.0,37.1,75.7,37.1,0.0,stable,stable,stable,stable,stable
2026-10-09 12:01:42.876841+02:00,0.0,42.2,77.7,42.2,0.0,stable,rising,stable,rising,stable
2026-10-09 12:02:02.890817+02:00,0.0,44.8,78.9,44.8,0.0,stable,rising,stable,rising,stable
2026-10-09 12:02:22.904995+02:00,0.0,42.7,78.9,42.7,0.0,stable,stable,stable,stable,stable
2026-10-09 12:02:42.918217+02:00,0.0,42.2,78.3,42.2,0.0,stable,stable,stable,stable,stable
2026-10-09 12:03:02.931745+02:00,0.0,41.2,77.3,41.2,0.0,stable,stable,stable,stable,stable
2026-10-09 12:03:22.945153+02:00,0.0,45.0,78.2,45.0,0.0,stable,stable,stable,stable,stable
2026-10-09 12:03:42.959087+02:00,0.0,44.3,78.6,44.3,0.0,stable,stable,stable,stable,stable
2026-10-09 12:04:02.972460+02:00,0.0,44.3,78.8,44.3,0.0,stable,stable,stable,stable,stable
2026-10-09 12:04:22.986288+02:00,0.0,43.2,76.8,43.2,0.0,stable,stable,stable,stable,stable
2026-10-09 12:04:42.999508+02:00,0.0,42.9,77.3,42.9,0.0,stable,stable,stable,stable,stable
2026-10-09 12:05:03.013495+02:00,0.0,40.3,75.3,40.3,0.0,stable,falling,falling,falling,stable
2026-10-09 12:05:23.026919+02:00,0.0,38.5,74.8,38.5,0.0,stable,falling,stable,falling,stable
2026-10-09 12:05:43.040576+02:00,0.0,42.4,75.8,42.4,0.0,stable,stable,stable,stable,stable
2026-10-09 12:06:03.054088+02:00,0.0,37.9,74.4,37.9,0.0,stable,falling,stable,falling,stable
2026-10-09 12:06:23.067037+02:00,0.0,39.5,74.7,39.5,0.0,stable,stable,stable,stable,stable
2026-10-09 12:06:43.080943+02:00,0.0,37.9,73.7,37.9,0.0,stable,stable,stable,stable,stable
2026-10-09 12:07:03.094737+02:00,0.0,37.4,73.8,37.4,0.0,stable,stable,stable,stable,stable
2026-10-09 12:07:23.108459+02:00,0.0,40.5,74.5,40.5,0.0,stable,stable,stable,stable,stable
2026-10-09 12:07:43.121853+02:00,0.0,41.0,74.3,41.0,0.0,stable,stable,stable,stable,stable
2026-10-09 12:08:03.135232+02:00,0.0,39.2,74.5,39.2,0.0,stable,stable,stable,stable,stable
2026-10-09 12:08:23.148962+02:00,0.0,42.4,75.5,42.4,0.0,stable,rising,stable,rising,stable
2026-10-09 12:08:43.162334+02:00,0.0,41.2,74.4,41.2,0.0,stable,stable,stable,stable,stable
2026-10-09 12:09:03.175854+02:00,0.0,41.5,75.4,41.5,0.0,stable,stable,stable,stable,stable
2026-10-09 12:09:23.189319+02:00,0.0,41.0,75.0,41.0,0.0,stable,stable,stable,stable,stable
2026-10-09 12:09:43.202660+02:00,0.0,42.4,74.6,42.4,0.0,stable,stable,stable,stable,stable
2026-10-09 12:10:03.215892+02:00,0.0,36.3,72.3,36.3,0.0,stable,falling,falling,falling,stable
2026-10-09 12:10:23.229585+02:00,0.0,41.0,73.7,41.0,0.0,stable,stable,stable,stable,stable
2026-10-09 12:10:43.242846+02:00,0.0,43.4,75.4,43.4,0.0,stable,rising,stable,rising,stable
2026-10-09 12:11:03.256657+02:00,0.0,42.7,75.4,42.7,0.0,stable,stable,stable,stable,stable
2026-10-09 12:11:23.270048+02:00,0.0,44.3,76.0,44.3,0.0,stable,rising,stable,rising,stable
2026-10-09 12:11:43.283718+02:00,0.0,41.7,74.2,41.7,0.0,stable,stable,stable,stable,stable
2026-10-09 12:12:03.296996+02:00,0.0,43.2,75.5,43.2,0.0,stable,stable,stable,stable,stable
2026-10-09 12:12:23.310622+02:00,0.0,42.4,75.4,42.4,0.0,stable,stable,stable,stable,stable
2026-10-09 12:12:43.323817+02:00,0.0,42.0,74.4,42.0,0.0,stable,stable,stable,stable,stable
2026-10-09 12:13:03.337683+02:00,0.0,40.7,74.2,40.7,0.0,stable,stable,stable,stable,stable
2026-10-09 12:13:23.350633+02:00,0.0,42.7,75.4,42.7,0.0,stable,stable,stable,stable,stable
2026-10-09 12:13:43.364895+02:00,0.0,44.5,75.6,44.5,0.0,stable,rising,stable,rising,stable
2026-10-09 12:14:03.378331+02:00,0.0,45.6,76.8,45.6,0.0,stable,rising,stable,rising,stable
2026-10-09 12:14:23.391604+02:00,0.0,45.9,77.1,45.9,0.0,stable,rising,stable,rising,stable
2026-10-09 12:14:43.405004+02:00,0.0,45.4,76.6,45.4,0.0,stable,stable,stable,stable,stable
2026-10-09 12:15:03.418982+02:00,0.0,45.2,76.6,45.2,0.0,stable,stable,stable,stable,stable
2026-10-09 12:15:23.432435+02:00,0.0,43.8,75.7,43.8,0.0,stable,stable,stable,stable,stable
2026-10-09 12:15:43.445806+02:00,0.0,44.3,76.2,44.3,0.0,stable,stable,stable,stable,stable
2026-10-09 12:16:03.459207+02:00,0.0,44.5,75.8,44.5,0.0,stable,stable,stable,stable,stable
2026-10-09 12:16:23.472853+02:00,0.0,45.9,77.0,45.9,0.0,stable,stable,stable,stable,stable
2026-10-09 12:16:43.486669+02:00,0.0,44.8,76.9,44.8,0.0,stable,stable,stable,stable,stable
2026-10-09 12:17:03.500144+02:00,0.0,46.3,77.3,46.3,0.0,stable,stable,stable,stable,stable
2026-10-09 12:17:23.514538+02:00,0.0,46.3,77.3,46.3,0.0,stable,stable,stable,stable,stable
2026-10-09 12:17:43.527989+02:00,0.0,47.8,78.4,47.8,0.0,stable,stable,stable,stable,stable
2026-10-09 12:18:03.541250+02:00,0.0,46.3,78.2,46.3,0.0,stable,stable,stable,stable,stable
2026-10-09 12:18:23.554786+02:00,0.0,48.2,78.9,48.2,0.0,stable,stable,stable,stable,stable
2026-10-09 12:18:43.568150+02:00,0.0,47.8,78.9,47.8,0.0,stable,stable,stable,stable,stable
2026-10-09 12:19:03.582402+02:00,0.0,49.2,79.7,49.2,0.0,stable,stable,stable,stable,stable
2026-10-09 12:19:23.595669+02:00,0.0,48.8,79.4,48.8,0.0,stable,stable,stable,stable,stable
2026-10-09 12:19:43.609438+02:00,0.0,49.8,80.2,49.8,0.0,stable,stable,stable,stable,stable
2026-10-09 12:20:03.622942+02:00,0.0,48.0,80.2,48.0,0.0,stable,stable,stable,stable,stable
2026-10-09 12:20:23.637441+02:00,0.0,47.4,79.3,47.4,0.0,stable,stable,stable,stable,stable
2026-10-09 12:20:43.650992+02:00,0.0,49.6,80.4,49.6,0.0,stable,stable,stable,stable,stable
2026-10-09 12:21:03.664363+02:00,0.0,50.0,80.9,50.0,0.0,stable,stable,stable,stable,stable
2026-10-09 12:21:23.678494+02:00,0.0,50.6,81.4,50.6,0.0,stable,stable,stable,stable,stable
2026-10-09 12:21:43.691802+02:00,0.0,50.8,81.6,50.8,0.0,stable,stable,stable,stable,stable
2026-10-09 12:22:03.705493+02:00,0.0,51.4,81.8,51.4,0.0,stable,stable,stable,stable,stable
2026-10-09 12:22:23.718841+02:00,0.0,51.8,82.2,51.8,0.0,stable,stable,stable,stable,stable
2026-10-09 12:22:43.732294+02:00,0.0,50.8,81.8,50.8,0.0,stable,stable,stable,stable,stable
2026-10-09 12:23:03.745992+02:00,0.0,51.6,82.0,51.6,0.0,stable,stable,stable,stable,stable
2026-10-09 12:23:23.759359+02:00,0.0,52.0,82.4,52.0,0.0,stable,stable,stable,stable,stable
2026-10-09 12:23:43.773341+02:00,0.0,52.0,82.5,52.0,0.0,stable,stable,stable,stable,stable
2026-10-09 12:24:03.786794+02:00,0.0,51.6,82.6,51.6,0.0,stable,stable,stable,stable,stable
2026-10-09 12:24:23.800248+02:00,0.0,50.8,82.7,50.8,0.0,stable,stable,stable,stable,stable
2026-10-09 12:24:43.813632+02:00,0.0,52.3,83.1,52.3,0.0,stable,stable,stable,stable,stable
2026-10-09 12:25:03.826953+02:00,0.0,53.4,83.7,53.4,0.0,stable,stable,stable,stable,stable
2026-10-09 12:25:23.840856+02:00,0.0,53.8,84.1,53.8,0.0,stable,stable,stable,stable,stable
2026-10-09 12:25:43.854368+02:00,0.0,53.8,84.2,53.8,0.0,stable,stable,stable,stable,stable
2026-10-09 12:26:03.868099+02:00,0.0,53.4,84.2,53.4,0.0,stable,stable,stable,stable,stable
2026-10-09 12:26:23.882642+02:00,0.0,53.6,84.3,53.6,0.0,stable,stable,stable,stable,stable
2026-10-09 12:26:43.896001+02:00,0.0,54.0,84.6,54.0,0.0,stable,stable,stable,stable,stable
2026-10-09 12:27:03.909441+02:00,0.0,54.7,85.0,54.7,0.0,stable,stable,stable,stable,stable
2026-10-09 12:27:23.922864+02:00,0.0,54.1,85.0,54.1,0.0,stable,stable,stable,stable,stable
2026-10-09 12:27:43.936131+02:00,0.0,54.0,85.0,54.0,0.0,stable,stable,stable,stable,stable
2026-10-09 12:28:03.949449+02:00,0.0,54.8,85.5,54.8,0.0,stable,stable,stable,stable,stable
2026-10-09 12:28:23.962047+02:00,0.0,54.5,85.5,54.5,0.0,stable,stable,stable,stable,stable
2026-10-09 12:28:43.976108+02:00,0.0,55.7,86.0,55.7,0.0,stable,stable,stable,stable,stable
2026-10-09 12:29:03.989705+02:00,0.0,56.0,86.4,56.0,0.0,stable,stable,stable,stable,stable
2026-10-09 12:29:24.002537+02:00,0.0,55.9,86.4,55.9,0.0,stable,stable,stable,stable,stable
2026-10-09 12:29:44.016704+02:00,0.0,55.7,86.5,55.7,0.0,stable,stable,stable,stable,stable
2026-10-09 12:30:04.030258+02:00,0.0,56.5,86.9,56.5,0.0,stable,stable,stable,stable,stable
2026-10-09 12:30:24.043958+02:00,0.0,56.2,87.0,56.2,0.0,stable,stable,stable,stable,stable
2026-10-09 12:30:44.057216+02:00,0.0,57.2,87.3,57.2,0.0,stable,stable,stable,stable,stable
2026-10-09 12:31:04.071102+02:00,0.0,57.5,87.6,57.5,0.0,stable,stable,stable,stable,stable
2026-10-09 12:31:24.084526+02:00,0.0,57.5,87.7,57.5,0.0,stable,stable,stable,stable,stable
2026-10-09 12:31:44.098011+02:00,0.0,57.5,87.9,57.5,0.0,stable,stable,stable,stable,stable
2026-10-09 12:32:04.111350+02:00,0.0,57.8,88.0,57.8,0.0,stable,stable,stable,stable,stable
2026-10-09 12:32:24.125396+02:00,0.0,58.3,88.3,58.3,0.0,stable,stable,stable,stable,stable
2026-10-09 12:32:44.138694+02:00,0.0,58.3,88.5,58.3,0.0,stable,stable,stable,stable,stable
2026-10-09 12:33:04.152364+02:00,0.0,58.5,88.6,58.5,0.0,stable,stable,stable,stable,stable
2026-10-09 12:33:24.165757+02:00,0.0,58.9,88.9,58.9,0.0,stable,stable,stable,stable,stable
2026-10-09 12:33:44.179206+02:00,0.0,59.2,89.1,59.2,0.0,stable,stable,stable,stable,stable
2026-10-09 12:34:04.192520+02:00,0.0,59.2,89.3,59.2,0.0,stable,stable,stable,stable,stable
2026-10-09 12:34:24.205960+02:00,0.0,59.7,89.5,59.7,0.0,stable,stable,stable,stable,stable
2026-10-09 12:34:44.219249+02:00,0.0,59.7,89.6,59.7,0.0,stable,stable,stable,stable,stable
2026-10-09 12:35:04.233022+02:00,0.0,60.0,89.8,60.0,0.0,stable,stable,stable,stable,stable
2026-10-09 12:35:24.246284+02:00,0.0,60.2,90.0,60.2,0.0,stable,stable,stable,stable,stable
2026-10-09 12:35:44.260355+02:00,0.0,60.3,90.2,60.3,0.0,stable,stable,stable,stable,stable
2026-10-09 12:36:04.273508+02:00,0.0,60.6,90.3,60.6,0.0,stable,stable,stable,stable,stable
2026-10-09 12:36:24.287063+02:00,0.0,60.6,90.4,60.6,0.0,stable,stable,stable,stable,stable
2026-10-09 12:36:44.300604+02:00,0.0,60.6,90.6,60.6,0.0,stable,stable,stable,stable,stable
2026-10-09 12:37:04.314043+02:00,0.0,60.9,90.8,60.9,0.0,stable,stable,stable,stable,stable
2026-10-09 12:37:24.327352+02:00,0.0,61.2,90.9,61.2,0.0,stable,stable,stable,stable,stable
2026-10-09 12:37:44.340777+02:00,0.0,61.5,91.1,61.5,0.0,stable,stable,stable,stable,stable
2026-10-09 12:38:04.354133+02:00,0.0,61.6,91.2,61.6,0.0,stable,stable,stable,stable,stable
2026-10-09 12:38:24.367538+02:00,0.0,61.8,91.4,61.8,0.0,stable,stable,stable,stable,stable
2026-10-09 12:38:44.380936+02:00,0.0,62.0,91.6,62.0,0.0,stable,stable,stable,stable,stable
2026-10-09 12:39:04.394640+02:00,0.0,62.2,91.7,62.2,0.0,stable,stable,stable,stable,stable
2026-10-09 12:39:24.407936+02:00,0.0,62.3,91.8,62.3,0.0,stable,stable,stable,stable,stable
2026-10-09 12:39:44.421308+02:00,0.0,62.5,91.9,62.5,0.0,stable,stable,stable,stable,stable
2026-10-09 12:40:04.434691+02:00,0.0,62.6,92.1,62.6,0.0,stable,stable,stable,stable,stable
2026-10-09 12:40:24.448272+02:00,0.0,62.7,92.2,62.7,0.0,stable,stable,stable,stable,stable
2026-10-09 12:40:44.461581+02:00,0.0,62.9,92.3,62.9,0.0,stable,stable,stable,stable,stable
2026-10-09 12:41:04.475045+02:00,0.0,63.2,92.5,63.2,0.0,stable,stable,stable,stable,stable
2026-10-09 12:41:24.488717+02:00,0.0,63.3,92.6,63.3,0.0,stable,stable,stable,stable,stable
2026-10-09 12:41:44.502191+02:00,0.0,63.6,92.7,63.6,0.0,stable,stable,stable,stable,stable
2026-10-09 12:42:04.515350+02:00,0.0,63.6,92.9,63.6,0.0,stable,stable,stable,stable,stable
2026-10-09 12:42:24.528620+02:00,0.0,63.8,93.0,63.8,0.0,stable,stable,stable,stable,stable
2026-10-09 12:42:44.541797+02:00,0.0,64.0,93.1,64.0,0.0,stable,stable,stable,stable,stable
2026-10-09 12:43:04.555420+02:00,0.0,64.1,93.2,64.1,0.0,stable,stable,stable,stable,stable
2026-10-09 12:43:24.568791+02:00,0.0,64.2,93.3,64.2,0.0,stable,stable,stable,stable,stable
2026-10-09 12:43:44.582609+02:00,0.0,64.1,93.4,64.1,0.0,stable,stable,stable,stable,stable
2026-10-09 12:44:04.595939+02:00,0.0,64.4,93.5,64.4,0.0,stable,stable,stable,stable,stable
2026-10-09 12:44:24.609766+02:00,0.0,59.6,92.0,59.6,0.0,stable,falling,stable,falling,stable
2026-10-09 12:44:44.623340+02:00,0.0,61.3,86.7,61.3,0.0,stable,stable,falling,stable,stable
2026-10-09 12:45:04.636672+02:00,9.4,61.9,86.2,61.9,9.4,rising,stable,falling,stable,rising
2026-10-09 12:45:24.650177+02:00,67.0,60.2,86.8,60.2,67.0,rising,stable,falling,stable,rising
2026-10-09 12:45:44.663236+02:00,100.0,58.6,87.0,58.6,100.0,rising,stable,stable,stable,rising
2026-10-09 12:46:04.677139+02:00,100.0,57.8,88.5,57.8,100.0,rising,falling,stable,falling,rising
2026-10-09 12:46:24.690736+02:00,100.0,54.3,88.5,54.3,100.0,rising,falling,stable,falling,rising
2026-10-09 12:46:44.704064+02:00,60.6,54.5,89.5,54.5,60.6,falling,falling,stable,falling,falling
2026-10-09 12:47:04.717642+02:00,77.7,50.0,88.5,50.0,77.7,falling,falling,stable,falling,falling
2026-10-09 12:47:24.730950+02:00,36.8,49.8,89.6,49.8,36.8,falling,falling,stable,falling,falling
2026-10-09 12:47:44.744214+02:00,39.6,46.1,88.7,46.1,39.6,falling,falling,stable,falling,falling
2026-10-09 12:48:04.757549+02:00,11.9,44.8,89.2,44.8,11.9,falling,falling,stable,falling,falling
2026-10-09 12:48:24.770968+02:00,0.0,42.0,88.8,42.0,0.0,falling,falling,stable,falling,falling
2026-10-09 12:48:44.784459+02:00,0.0,39.0,88.0,39.0,0.0,falling,falling,stable,falling,falling
2026-10-09 12:49:04.797799+02:00,0.0,35.8,87.3,35.8,0.0,falling,falling,stable,falling,falling
2026-10-09 12:49:24.811128+02:00,0.0,32.9,86.2,32.9,0.0,falling,falling,stable,falling,falling
2026-10-09 12:49:44.824312+02:00,0.0,29.0,83.8,29.0,0.0,stable,falling,falling,falling,stable
2026-10-09 12:50:04.837458+02:00,4.5,25.7,82.0,25.7,4.5,rising,falling,falling,falling,rising
2026-10-09 12:50:24.850818+02:00,10.9,21.1,79.6,21.1,10.9,rising,falling,falling,falling,rising
2026-10-09 12:50:44.864316+02:00,15.4,18.0,77.5,18.0,15.4,rising,falling,falling,falling,rising
2026-10-09 12:51:04.877690+02:00,21.0,14.8,75.2,14.8,21.0,rising,falling,falling,falling,rising
2026-10-09 12:51:24.891158+02:00,26.9,10.9,72.8,10.9,26.9,rising,falling,falling,falling,rising
2026-10-09 12:51:44.904570+02:00,43.1,10.0,69.0,10.0,43.1,rising,falling,falling,falling,rising
2026-10-09 12:52:04.917848+02:00,57.5,7.2,65.8,7.2,57.5,rising,falling,falling,falling,rising
2026-10-09 12:52:24.931554+02:00,61.3,3.3,63.4,3.3,61.3,rising,falling,falling,falling,rising
2026-10-09 12:52:44.944738+02:00,65.1,2.3,61.6,2.3,65.1,rising,falling,falling,falling,rising
2026-10-09 12:53:04.958017+02:00,59.4,0.0,60.3,0.0,59.4,rising,falling,falling,falling,rising
2026-10-09 12:53:24.971568+02:00,81.8,0.0,54.8,0.0,81.8,rising,falling,falling,falling,rising
2026-10-09 12:53:44.985279+02:00,83.2,0.0,52.1,0.0,83.2,rising,stable,falling,stable,rising
2026-10-09 12:54:04.998555+02:00,80.4,0.0,49.8,0.0,80.4,rising,stable,falling,stable,rising
2026-10-09 12:54:25.011625+02:00,92.4,0.0,44.3,0.0,92.4,rising,stable,falling,stable,rising
2026-10-09 12:54:45.025452+02:00,99.0,0.0,40.7,0.0,99.0,rising,stable,falling,stable,rising
2026-10-09 12:55:05.038735+02:00,100.0,0.0,35.8,0.0,100.0,rising,stable,falling,stable,rising
2026-10-09 12:55:25.052165+02:00,100.0,0.0,31.1,0.0,100.0,rising,stable,falling,stable,rising
2026-10-09 12:55:45.065481+02:00,100.0,0.0,27.3,0.0,100.0,stable,stable,falling,stable,stable
2026-10-09 12:56:05.078957+02:00,100.0,0.0,21.8,0.0,100.0,stable,stable,falling,stable,stable
2026-10-09 12:56:25.092462+02:00,100.0,0.0,18.8,0.0,100.0,stable,stable,falling,stable,stable
2026-10-09 12:56:45.106053+02:00,100.0,0.0,13.5,0.0,100.0,stable,stable,falling,stable,stable
2026-10-09 12:57:05.119426+02:00,100.0,0.0,7.2,0.0,100.0,stable,stable,falling,stable,stable
2026-10-09 12:57:25.133047+02:00,100.0,0.0,5.3,0.0,100.0,stable,stable,falling,stable,stable
2026-10-09 12:57:45.146457+02:00,100.0,0.0,0.0,0.0,100.0,stable,stable,falling,stable,stable
2026-10-09 12:58:05.159818+02:00,100.0,0.0,0.0,0.0,100.0,stable,stable,falling,stable,stable
2026-10-09 12:58:25.173257+02:00,100.0,0.0,0.0,0.0,100.0,stable,stable,falling,stable,stable
2026-10-09 12:58:45.187363+02:00,100.0,0.0,0.0,0.0,100.0,stable,stable,stable,stable,stable
2026-10-09 12:59:05.200150+02:00,100.0,0.0,0.0,0.0,100.0,stable,stable,stable,stable,stable
2026-10-09 12:59:25.214335+02:00,100.0,0.0,0.0,0.0,100.0,stable,stable,stable,stable,stable
2026-10-09 12:59:45.227614+02:00,100.0,0.0,0.0,0.0,100.0,stable,stable,stable,stable,stable
2026-10-09 13:00:05.241653+02:00,100.0,0.0,0.0,0.0,100.0,stable,stable,stable,stable,stable
2026-10-09 13:00:25.254854+02:00,100.0,0.0,0.0,0.0,100.0,stable,stable,stable,stable,stable
2026-10-09 13:00:45.268211+02:00,100.0,0.0,0.0,0.0,100.0,stable,stable,stable,stable,stable
2026-10-09 13:01:05.281863+02:00,100.0,0.0,0.0,0.0,100.0,stable,stable,stable,stable,stable
2026-10-09 13:01:25.295286+02:00,100.0,0.0,0.0,0.0,100.0,stable,stable,stable,stable,stable
2026-10-09 13:01:45.309063+02:00,100.0,0.0,0.0,0.0,100.0,stable,stable,stable,stable,stable
2026-10-09 13:02:05.322390+02:00,100.0,0.0,0.0,0.0,100.0,stable,stable,stable,stable,stable
2026-10-09 13:02:25.336743+02:00,100.0,0.0,0.0,0.0,100.0,stable,stable,stable,stable,stable
2026-10-09 13:02:45.350059+02:00,100.0,0.0,0.0,0.0,100.0,stable,stable,stable,stable,stable
2026-10-09 13:03:05.363345+02:00,100.0,0.0,0.0,0.0,100.0,stable,stable,stable,stable,stable
2026-10-09 13:03:25.376872+02:00,100.0,0.0,0.0,0.0,100.0,stable,stable,stable,stable,stable
2026-10-09 13:03:45.390367+02:00,100.0,0.0,0.0,0.0,100.0,stable,stable,stable,stable,stable
2026-10-09 13:04:05.404467+02:00,100.0,0.0,0.0,0.0,100.0,stable,stable,stable,stable,stable
2026-10-09 13:04:25.417668+02:00,80.4,0.0,0.0,0.0,80.4,falling,stable,stable,stable,falling
2026-10-09 13:04:45.430521+02:00,53.8,0.0,0.0,0.0,53.8,falling,stable,stable,stable,falling
2026-10-09 13:05:05.444603+02:00,30.7,0.0,0.0,0.0,30.7,falling,stable,stable,stable,falling
2026-10-09 13:05:25.458370+02:00,13.9,0.0,2.3,0.0,13.9,falling,stable,stable,stable,falling
2026-10-09 13:05:45.471659+02:00,0.0,0.0,22.2,0.0,0.0,falling,stable,rising,stable,falling
2026-10-09 13:06:05.485116+02:00,0.0,0.0,20.7,0.0,0.0,falling,stable,rising,stable,falling
2026-10-09 13:06:25.499356+02:00,0.0,0.0,21.1,0.0,0.0,falling,stable,rising,stable,falling
2026-10-09 13:06:45.512778+02:00,0.0,0.0,21.4,0.0,0.0,falling,stable,rising,stable,falling
2026-10-09 13:07:05.526413+02:00,0.0,0.0,19.9,0.0,0.0,stable,stable,stable,stable,stable
2026-10-09 13:07:25.539837+02:00,0.0,0.0,19.9,0.0,0.0,stable,stable,stable,stable,stable
2026-10-09 13:07:45.553292+02:00,0.0,0.0,16.0,0.0,0.0,stable,stable,falling,stable,stable
2026-10-09 13:08:05.568101+02:00,0.0,0.0,16.8,0.0,0.0,stable,stable,stable,stable,stable
2026-10-09 13:08:25.581443+02:00,0.0,0.0,16.0,0.0,0.0,stable,stable,stable,stable,stable
2026-10-09 13:08:45.595491+02:00,0.0,0.0,15.6,0.0,0.0,stable,stable,stable,stable,stable
2026-10-09 13:09:05.608802+02:00,0.0,0.0,18.0,0.0,0.0,stable,stable,stable,stable,stable
2026-10-09 13:09:25.622157+02:00,0.0,0.0,18.8,0.0,0.0,stable,stable,stable,stable,stable
2026-10-09 13:09:45.635176+02:00,0.0,0.0,18.4,0.0,0.0,stable,stable,stable,stable,stable
2026-10-09 13:10:05.647688+02:00,0.0,0.0,16.4,0.0,0.0,stable,stable,stable,stable,stable
2026-10-09 13:10:25.661466+02:00,0.0,0.0,17.6,0.0,0.0,stable,stable,stable,stable,stable
2026-10-09 13:10:45.675176+02:00,0.0,0.0,18.0,0.0,0.0,stable,stable,stable,stable,stable
2026-10-09 13:11:05.688616+02:00,0.0,0.0,18.0,0.0,0.0,stable,stable,stable,stable,stable
2026-10-09 13:11:25.701777+02:00,0.0,0.0,20.3,0.0,0.0,stable,stable,rising,stable,stable
2026-10-09 13:11:45.715314+02:00,0.0,0.0,21.8,0.0,0.0,stable,stable,rising,stable,stable
2026-10-09 13:12:05.728724+02:00,0.0,0.0,21.8,0.0,0.0,stable,stable,stable,stable,stable
2026-10-09 13:12:25.742104+02:00,0.0,0.0,23.6,0.0,0.0,stable,stable,rising,stable,stable
