measurement,count,mean,min,max
temperature_c,398,33.211,7.55,61.33
humidity_pct,398,3.093,0.0,38.4
pressure_hpa,398,291.401,19.22,863.75
light_lux,398,64.874,25.72,164.68
pm1_0,398,0.221,0.0,1.0
pm2_5,398,0.824,0.0,3.0
pm10,398,1.116,0.0,4.0
oxidising_raw,398,12223.411,3922.18,47878.58
reducing_raw,398,145448.213,71272.73,432888.89
nh3_raw,398,51831.211,6985.69,331421.38
oxidising_index,398,11.014,0.0,100.0
reducing_index,398,37.578,0.0,64.4
nh3_index,398,76.066,0.0,96.5
co_index,398,37.578,0.0,64.4
no2_index,398,11.014,0.0,100.0
