created_at,entry_id,field1,field2,field3,field4,field5,field6,field7,field8,status
2026-10-08T09:46:09Z,3563,23.61,81.52,681.62,13.0,17.0,17.0,0.0,0.0,"{""atmo"":1,""ts"":""2026-10-08T09:46:09.811250+00:00"",""lux"":203.41,""ox"":12066.3,""red"":245960.78,""nh3"":92076.92,""nh3i"":54.0,""fs"":1791452769,""fe"":1791453049}"
2026-10-08T09:46:29Z,3564,38.08,21.78,871.27,12.0,16.0,16.0,0.0,0.0,"{""atmo"":1,""ts"":""2026-10-08T09:46:29.677672+00:00"",""lux"":203.41,""ox"":12292.68,""red"":261525.77,""nh3"":96098.77,""nh3i"":52.0,""fs"":1791452769,""fe"":1791453049}"
2026-10-08T09:46:49Z,3565,37.99,21.75,871.25,12.0,17.0,17.0,0.0,0.0,"{""atmo"":1,""ts"":""2026-10-08T09:46:49.690652+00:00"",""lux"":203.41,""ox"":12368.48,""red"":248950.5,""nh3"":96098.77,""nh3i"":52.0,""fs"":1791452769,""fe"":1791453049}"
2026-10-08T09:47:09Z,3566,38.01,21.72,871.26,13.0,17.0,17.0,0.0,0.0,"{""atmo"":1,""ts"":""2026-10-08T09:47:09.703409+00:00"",""lux"":204.3,""ox"":12444.44,""red"":250467.66,""nh3"":94611.25,""nh3i"":52.7,""fs"":1791452769,""fe"":1791453049}"
2026-10-08T09:47:29Z,3567,37.94,21.64,871.3,12.0,17.0,17.0,0.0,0.0,"{""atmo"":1,""ts"":""2026-10-08T09:47:29.715807+00:00"",""lux"":204.3,""ox"":12444.44,""red"":234566.04,""nh3"":92076.92,""nh3i"":54.0,""fs"":1791452769,""fe"":1791453049}"
2026-10-08T09:47:49Z,3568,37.89,21.76,871.32,12.0,17.0,17.0,0.0,0.0,"{""atmo"":1,""ts"":""2026-10-08T09:47:49.729017+00:00"",""lux"":204.3,""ox"":12520.58,""red"":252000.0,""nh3"":96475.25,""nh3i"":51.8,""fs"":1791452769,""fe"":1791453049}"
2026-10-08T09:48:09Z,3569,36.76,25.16,871.32,11.0,16.0,16.0,0.0,0.0,"{""atmo"":1,""ts"":""2026-10-08T09:48:09.741826+00:00"",""lux"":163.62,""ox"":12520.58,""red"":250467.66,""nh3"":96475.25,""nh3i"":51.8,""fs"":1791452769,""fe"":1791453049}"
2026-10-08T09:48:29Z,3570,37.24,25.59,871.33,11.0,17.0,17.0,0.0,0.0,"{""atmo"":1,""ts"":""2026-10-08T09:48:29.754287+00:00"",""lux"":199.51,""ox"":11991.17,""red"":286222.22,""nh3"":95351.35,""nh3i"":52.3,""fs"":1791452769,""fe"":1791453049}"
2026-10-08T09:48:49Z,3571,37.28,22.28,871.32,11.0,16.0,16.0,0.0,0.0,"{""atmo"":1,""ts"":""2026-10-08T09:48:49.766824+00:00"",""lux"":200.85,""ox"":13213.48,""red"":276972.97,""nh3"":108705.88,""nh3i"":45.6,""fs"":1791452769,""fe"":1791453049}"
2026-10-08T09:49:09Z,3572,37.04,22.57,871.29,8.0,12.0,12.0,0.0,0.0,"{""atmo"":1,""ts"":""2026-10-08T09:49:09.780133+00:00"",""lux"":202.99,""ox"":13525.96,""red"":269925.93,""nh3"":107395.23,""nh3i"":46.3,""fs"":1791452769,""fe"":1791453049}"
2026-10-08T09:49:29Z,3573,36.7,22.46,871.23,8.0,11.0,11.0,0.0,0.0,"{""atmo"":1,""ts"":""2026-10-08T09:49:29.792795+00:00"",""lux"":200.85,""ox"":13604.52,""red"":261525.77,""nh3"":105679.79,""nh3i"":47.2,""fs"":1791452769,""fe"":1791453049}"
2026-10-08T09:49:49Z,3574,36.53,22.81,871.24,8.0,11.0,12.0,0.0,0.0,"{""atmo"":1,""ts"":""2026-10-08T09:49:49.805889+00:00"",""lux"":200.85,""ox"":13683.26,""red"":248950.5,""nh3"":104416.67,""nh3i"":47.8,""fs"":1791452769,""fe"":1791453049}"
2026-10-08T09:50:09Z,3575,37.34,22.39,871.29,9.0,12.0,13.0,0.0,0.0,"{""atmo"":1,""ts"":""2026-10-08T09:50:09.819524+00:00"",""lux"":166.13,""ox"":13525.96,""red"":247448.28,""nh3"":100345.18,""nh3i"":49.8,""fs"":1791452769,""fe"":1791453049}"
2026-10-08T09:50:29Z,3576,38.25,21.27,871.26,9.0,11.0,13.0,0.0,0.0,"{""atmo"":1,""ts"":""2026-10-08T09:50:29.835934+00:00"",""lux"":166.13,""ox"":13447.58,""red"":256690.36,""nh3"":103173.13,""nh3i"":48.4,""fs"":1791452769,""fe"":1791453049}"
2026-10-08T09:50:49Z,3577,38.62,20.63,871.25,8.0,11.0,12.0,0.0,0.0,"{""atmo"":1,""ts"":""2026-10-08T09:50:49.848853+00:00"",""lux"":166.13,""ox"":13604.52,""red"":259897.44,""nh3"":106105.26,""nh3i"":46.9,""fs"":1791452769,""fe"":1791453049}"
